experiment,n,salt,estimator,result,abs_error,rel_error,server_elapsed_s,wall_s,attempts
A_unsalted,100000,0,uniq,100315,315,3.150000e-03,0.101,0.109,1
A_unsalted,100000,0,uniqCombined64,100314,314,3.140000e-03,0.1,0.094,1
A_unsalted,1000000,0,uniq,1001943,1943,1.943000e-03,0.108,0.109,1
A_unsalted,1000000,0,uniqCombined64,1001148,1148,1.148000e-03,0.111,0.11,1
A_unsalted,10000000,0,uniq,9983940,-16060,-1.606000e-03,0.129,0.125,1
A_unsalted,10000000,0,uniqCombined64,10021969,21969,2.196900e-03,0.177,0.172,1
A_unsalted,100000000,0,uniq,99951658,-48342,-4.834200e-04,0.247,0.25,1
A_unsalted,100000000,0,uniqCombined64,99903523,-96477,-9.647700e-04,0.837,0.844,1
A_unsalted,1000000000,0,uniq,1001803777,1803777,1.803777e-03,1.883,1.891,1
A_unsalted,1000000000,0,uniqCombined64,999435738,-564262,-5.642620e-04,7.617,7.609,1
A_unsalted,10000000000,0,uniq,10107726683,107726683,1.077267e-02,16.429,16.438,1
A_unsalted,10000000000,0,uniqCombined64,9998568925,-1431075,-1.431075e-04,64.559,64.562,1
A_unsalted,100000000000,0,uniq,18446743978444128518,18446743878444128518,1.844674e+08,137.971,137.969,1
A_unsalted,100000000000,0,uniqCombined64,100097891658,97891658,9.789166e-04,638.153,638.156,1
A_exact,100000,0,uniqExact,100000,0,0.000000e+00,0.097,0.094,1
A_exact,1000000,0,uniqExact,1000000,0,0.000000e+00,0.131,0.125,1
A_exact,10000000,0,uniqExact,10000000,0,0.000000e+00,0.479,0.485,1
A_exact,100000000,0,uniqExact,100000000,0,0.000000e+00,4.345,4.343,1
A_exact,1000000000,0,uniqExact,FAIL,,,,1726.157,
B_salted,100000,1,uniq,100007,7,7.000000e-05,0.109,0.109,1
B_salted,100000,2,uniq,99560,-440,-4.400000e-03,0.099,0.094,1
B_salted,100000,3,uniq,99609,-391,-3.910000e-03,0.098,0.093,1
B_salted,100000,4,uniq,100292,292,2.920000e-03,0.097,0.11,1
B_salted,100000,5,uniq,99905,-95,-9.500000e-04,0.095,0.094,1
B_salted,100000,6,uniq,99859,-141,-1.410000e-03,0.096,0.093,1
B_salted,100000,7,uniq,99807,-193,-1.930000e-03,0.099,0.094,1
B_salted,100000,8,uniq,99885,-115,-1.150000e-03,0.098,0.094,1
B_salted,100000,9,uniq,100379,379,3.790000e-03,0.098,0.109,1
B_salted,100000,10,uniq,99891,-109,-1.090000e-03,0.098,0.094,1
B_salted,100000,11,uniq,99521,-479,-4.790000e-03,0.097,0.094,1
B_salted,100000,12,uniq,100639,639,6.390000e-03,0.097,0.093,1
B_salted,100000,13,uniq,99704,-296,-2.960000e-03,0.097,0.11,1
B_salted,100000,14,uniq,99895,-105,-1.050000e-03,0.099,0.094,1
B_salted,100000,15,uniq,99904,-96,-9.600000e-04,0.098,0.093,1
B_salted,100000,16,uniq,99924,-76,-7.600000e-04,0.098,0.11,1
B_salted,100000,17,uniq,100088,88,8.800000e-04,0.098,0.093,1
B_salted,100000,18,uniq,100434,434,4.340000e-03,0.098,0.094,1
B_salted,100000,19,uniq,100209,209,2.090000e-03,0.097,0.094,1
B_salted,100000,20,uniq,99846,-154,-1.540000e-03,0.098,0.109,1
B_salted,100000,21,uniq,99632,-368,-3.680000e-03,0.101,0.094,1
B_salted,100000,22,uniq,100249,249,2.490000e-03,0.105,0.109,1
B_salted,100000,23,uniq,99863,-137,-1.370000e-03,0.097,0.094,1
B_salted,100000,24,uniq,100046,46,4.600000e-04,0.098,0.094,1
B_salted,100000,25,uniq,100460,460,4.600000e-03,0.098,0.109,1
B_salted,100000,26,uniq,99862,-138,-1.380000e-03,0.099,0.094,1
B_salted,100000,27,uniq,100046,46,4.600000e-04,0.097,0.094,1
B_salted,100000,28,uniq,99573,-427,-4.270000e-03,0.098,0.094,1
B_salted,100000,29,uniq,99812,-188,-1.880000e-03,0.098,0.109,1
B_salted,100000,30,uniq,100196,196,1.960000e-03,0.098,0.094,1
B_salted,100000,31,uniq,100312,312,3.120000e-03,0.098,0.093,1
B_salted,100000,32,uniq,99950,-50,-5.000000e-04,0.097,0.11,1
B_salted,100000,33,uniq,100760,760,7.600000e-03,0.095,0.094,1
B_salted,100000,34,uniq,99747,-253,-2.530000e-03,0.097,0.093,1
B_salted,100000,35,uniq,99944,-56,-5.600000e-04,0.097,0.094,1
B_salted,100000,36,uniq,100328,328,3.280000e-03,0.095,0.094,1
B_salted,100000,37,uniq,100315,315,3.150000e-03,0.098,0.109,1
B_salted,100000,38,uniq,100450,450,4.500000e-03,0.1,0.094,1
B_salted,100000,39,uniq,99953,-47,-4.700000e-04,0.098,0.094,1
B_salted,100000,40,uniq,100438,438,4.380000e-03,0.096,0.093,1
B_salted,100000,41,uniq,100376,376,3.760000e-03,0.095,0.11,1
B_salted,100000,42,uniq,99622,-378,-3.780000e-03,0.098,0.094,1
B_salted,100000,43,uniq,100516,516,5.160000e-03,0.097,0.093,1
B_salted,100000,44,uniq,99928,-72,-7.200000e-04,0.099,0.094,1
B_salted,100000,45,uniq,100200,200,2.000000e-03,0.097,0.109,1
B_salted,100000,46,uniq,99623,-377,-3.770000e-03,0.097,0.094,1
B_salted,100000,47,uniq,99607,-393,-3.930000e-03,0.097,0.094,1
B_salted,100000,48,uniq,100236,236,2.360000e-03,0.102,0.109,1
B_salted,100000,49,uniq,99787,-213,-2.130000e-03,0.097,0.094,1
B_salted,100000,50,uniq,100504,504,5.040000e-03,0.102,0.094,1
B_salted,100000,51,uniq,99888,-112,-1.120000e-03,0.1,0.109,1
B_salted,100000,52,uniq,99767,-233,-2.330000e-03,0.098,0.094,1
B_salted,100000,53,uniq,100181,181,1.810000e-03,0.099,0.094,1
B_salted,100000,54,uniq,100321,321,3.210000e-03,0.098,0.109,1
B_salted,100000,55,uniq,100303,303,3.030000e-03,0.1,0.094,1
B_salted,100000,56,uniq,100383,383,3.830000e-03,0.097,0.094,1
B_salted,100000,57,uniq,100216,216,2.160000e-03,0.098,0.109,1
B_salted,100000,58,uniq,99981,-19,-1.900000e-04,0.098,0.094,1
B_salted,100000,59,uniq,99951,-49,-4.900000e-04,0.098,0.093,1
B_salted,100000,60,uniq,99304,-696,-6.960000e-03,0.1,0.094,1
B_salted,100000,61,uniq,99963,-37,-3.700000e-04,0.098,0.11,1
B_salted,100000,62,uniq,100006,6,6.000000e-05,0.098,0.093,1
B_salted,100000,63,uniq,100037,37,3.700000e-04,0.098,0.094,1
B_salted,100000,64,uniq,100399,399,3.990000e-03,0.096,0.109,1
B_salted,100000,65,uniq,100253,253,2.530000e-03,0.097,0.094,1
B_salted,100000,66,uniq,100350,350,3.500000e-03,0.099,0.094,1
B_salted,100000,67,uniq,100516,516,5.160000e-03,0.1,0.109,1
B_salted,100000,68,uniq,100102,102,1.020000e-03,0.098,0.094,1
B_salted,100000,69,uniq,99715,-285,-2.850000e-03,0.102,0.094,1
B_salted,100000,70,uniq,99960,-40,-4.000000e-04,0.111,0.109,1
B_salted,100000,71,uniq,99786,-214,-2.140000e-03,0.121,0.125,1
B_salted,100000,72,uniq,99725,-275,-2.750000e-03,0.1,0.11,1
B_salted,100000,73,uniq,100539,539,5.390000e-03,0.099,0.093,1
B_salted,100000,74,uniq,100423,423,4.230000e-03,0.098,0.094,1
B_salted,100000,75,uniq,100470,470,4.700000e-03,0.097,0.109,1
B_salted,100000,76,uniq,99707,-293,-2.930000e-03,0.096,0.094,1
B_salted,100000,77,uniq,99757,-243,-2.430000e-03,0.098,0.094,1
B_salted,100000,78,uniq,99904,-96,-9.600000e-04,0.102,0.094,1
B_salted,100000,79,uniq,100233,233,2.330000e-03,0.098,0.109,1
B_salted,100000,80,uniq,100164,164,1.640000e-03,0.099,0.094,1
B_salted,100000,81,uniq,100516,516,5.160000e-03,0.098,0.094,1
B_salted,100000,82,uniq,99534,-466,-4.660000e-03,0.098,0.109,1
B_salted,100000,83,uniq,99760,-240,-2.400000e-03,0.1,0.094,1
B_salted,100000,84,uniq,99495,-505,-5.050000e-03,0.099,0.093,1
B_salted,100000,85,uniq,99351,-649,-6.490000e-03,0.097,0.11,1
B_salted,100000,86,uniq,100216,216,2.160000e-03,0.098,0.094,1
B_salted,100000,87,uniq,100604,604,6.040000e-03,0.101,0.093,1
B_salted,100000,88,uniq,100131,131,1.310000e-03,0.099,0.11,1
B_salted,100000,89,uniq,100315,315,3.150000e-03,0.097,0.093,1
B_salted,100000,90,uniq,100156,156,1.560000e-03,0.098,0.094,1
B_salted,100000,91,uniq,100314,314,3.140000e-03,0.098,0.094,1
B_salted,100000,92,uniq,99706,-294,-2.940000e-03,0.098,0.109,1
B_salted,100000,93,uniq,99695,-305,-3.050000e-03,0.114,0.11,1
B_salted,100000,94,uniq,100500,500,5.000000e-03,0.099,0.093,1
B_salted,100000,95,uniq,99796,-204,-2.040000e-03,0.097,0.11,1
B_salted,100000,96,uniq,99644,-356,-3.560000e-03,0.097,0.094,1
B_salted,100000,97,uniq,99451,-549,-5.490000e-03,0.098,0.093,1
B_salted,100000,98,uniq,99894,-106,-1.060000e-03,0.097,0.094,1
B_salted,100000,99,uniq,99659,-341,-3.410000e-03,0.097,0.109,1
B_salted,100000,100,uniq,99579,-421,-4.210000e-03,0.1,0.094,1
B_salted,1000000,1,uniq,1005929,5929,5.929000e-03,0.117,0.11,1
B_salted,1000000,2,uniq,1003743,3743,3.743000e-03,0.11,0.109,1
B_salted,1000000,3,uniq,994841,-5159,-5.159000e-03,0.109,0.109,1
B_salted,1000000,4,uniq,1001573,1573,1.573000e-03,0.118,0.125,1
B_salted,1000000,5,uniq,1004499,4499,4.499000e-03,0.11,0.11,1
B_salted,1000000,6,uniq,995451,-4549,-4.549000e-03,0.126,0.125,1
B_salted,1000000,7,uniq,1001087,1087,1.087000e-03,0.125,0.125,1
B_salted,1000000,8,uniq,998990,-1010,-1.010000e-03,0.127,0.125,1
B_salted,1000000,9,uniq,1001594,1594,1.594000e-03,0.113,0.125,1
B_salted,1000000,10,uniq,1005855,5855,5.855000e-03,0.115,0.109,1
B_salted,1000000,11,uniq,994811,-5189,-5.189000e-03,0.109,0.109,1
B_salted,1000000,12,uniq,997797,-2203,-2.203000e-03,0.111,0.11,1
B_salted,1000000,13,uniq,1007262,7262,7.262000e-03,0.117,0.125,1
B_salted,1000000,14,uniq,996255,-3745,-3.745000e-03,0.135,0.125,1
B_salted,1000000,15,uniq,998977,-1023,-1.023000e-03,0.132,0.14,1
B_salted,1000000,16,uniq,1003599,3599,3.599000e-03,0.115,0.11,1
B_salted,1000000,17,uniq,1001480,1480,1.480000e-03,0.121,0.125,1
B_salted,1000000,18,uniq,999304,-696,-6.960000e-04,0.128,0.125,1
B_salted,1000000,19,uniq,1003157,3157,3.157000e-03,0.116,0.125,1
B_salted,1000000,20,uniq,1002675,2675,2.675000e-03,0.116,0.109,1
B_salted,1000000,21,uniq,997519,-2481,-2.481000e-03,0.111,0.11,1
B_salted,1000000,22,uniq,999421,-579,-5.790000e-04,0.124,0.125,1
B_salted,1000000,23,uniq,999373,-627,-6.270000e-04,0.118,0.125,1
B_salted,1000000,24,uniq,996642,-3358,-3.358000e-03,0.125,0.125,1
B_salted,1000000,25,uniq,1005929,5929,5.929000e-03,0.109,0.109,1
B_salted,1000000,26,uniq,999839,-161,-1.610000e-04,0.11,0.109,1
B_salted,1000000,27,uniq,1005292,5292,5.292000e-03,0.11,0.11,1
B_salted,1000000,28,uniq,1003785,3785,3.785000e-03,0.149,0.14,1
B_salted,1000000,29,uniq,996749,-3251,-3.251000e-03,0.112,0.11,1
B_salted,1000000,30,uniq,999891,-109,-1.090000e-04,0.111,0.109,1
B_salted,1000000,31,uniq,997351,-2649,-2.649000e-03,0.111,0.109,1
B_salted,1000000,32,uniq,996539,-3461,-3.461000e-03,0.114,0.109,1
B_salted,1000000,33,uniq,1000643,643,6.430000e-04,0.111,0.11,1
B_salted,1000000,34,uniq,1002235,2235,2.235000e-03,0.128,0.125,1
B_salted,1000000,35,uniq,1001901,1901,1.901000e-03,0.123,0.125,1
B_salted,1000000,36,uniq,1000320,320,3.200000e-04,0.119,0.125,1
B_salted,1000000,37,uniq,1004149,4149,4.149000e-03,0.113,0.109,1
B_salted,1000000,38,uniq,999342,-658,-6.580000e-04,0.113,0.11,1
B_salted,1000000,39,uniq,993708,-6292,-6.292000e-03,0.109,0.109,1
B_salted,1000000,40,uniq,1002010,2010,2.010000e-03,0.12,0.125,1
B_salted,1000000,41,uniq,1000420,420,4.200000e-04,0.11,0.109,1
B_salted,1000000,42,uniq,996894,-3106,-3.106000e-03,0.11,0.11,1
B_salted,1000000,43,uniq,1002269,2269,2.269000e-03,0.11,0.109,1
B_salted,1000000,44,uniq,1002529,2529,2.529000e-03,0.113,0.125,1
B_salted,1000000,45,uniq,1002406,2406,2.406000e-03,0.11,0.109,1
B_salted,1000000,46,uniq,999537,-463,-4.630000e-04,0.113,0.11,1
B_salted,1000000,47,uniq,1002304,2304,2.304000e-03,0.12,0.125,1
B_salted,1000000,48,uniq,991423,-8577,-8.577000e-03,0.119,0.109,1
B_salted,1000000,49,uniq,995833,-4167,-4.167000e-03,0.115,0.125,1
B_salted,1000000,50,uniq,997955,-2045,-2.045000e-03,0.11,0.11,1
B_salted,1000000,51,uniq,1001684,1684,1.684000e-03,0.109,0.109,1
B_salted,1000000,52,uniq,998738,-1262,-1.262000e-03,0.113,0.109,1
B_salted,1000000,53,uniq,998705,-1295,-1.295000e-03,0.11,0.11,1
B_salted,1000000,54,uniq,994811,-5189,-5.189000e-03,0.11,0.109,1
B_salted,1000000,55,uniq,1003192,3192,3.192000e-03,0.118,0.125,1
B_salted,1000000,56,uniq,997779,-2221,-2.221000e-03,0.136,0.125,1
B_salted,1000000,57,uniq,1002529,2529,2.529000e-03,0.115,0.125,1
B_salted,1000000,58,uniq,1004409,4409,4.409000e-03,0.119,0.109,1
B_salted,1000000,59,uniq,996653,-3347,-3.347000e-03,0.11,0.11,1
B_salted,1000000,60,uniq,996448,-3552,-3.552000e-03,0.124,0.125,1
B_salted,1000000,61,uniq,1000083,83,8.300000e-05,0.125,0.125,1
B_salted,1000000,62,uniq,999102,-898,-8.980000e-04,0.112,0.109,1
B_salted,1000000,63,uniq,994852,-5148,-5.148000e-03,0.115,0.125,1
B_salted,1000000,64,uniq,998186,-1814,-1.814000e-03,0.111,0.11,1
B_salted,1000000,65,uniq,999814,-186,-1.860000e-04,0.112,0.109,1
B_salted,1000000,66,uniq,996653,-3347,-3.347000e-03,0.124,0.125,1
B_salted,1000000,67,uniq,993456,-6544,-6.544000e-03,0.126,0.125,1
B_salted,1000000,68,uniq,992530,-7470,-7.470000e-03,0.112,0.109,1
B_salted,1000000,69,uniq,1005409,5409,5.409000e-03,0.111,0.11,1
B_salted,1000000,70,uniq,1002620,2620,2.620000e-03,0.21,0.218,1
B_salted,1000000,71,uniq,999421,-579,-5.790000e-04,0.114,0.11,1
B_salted,1000000,72,uniq,999191,-809,-8.090000e-04,0.119,0.125,1
B_salted,1000000,73,uniq,995819,-4181,-4.181000e-03,0.132,0.125,1
B_salted,1000000,74,uniq,997519,-2481,-2.481000e-03,0.112,0.109,1
B_salted,1000000,75,uniq,999587,-413,-4.130000e-04,0.109,0.11,1
B_salted,1000000,76,uniq,1006833,6833,6.833000e-03,0.111,0.125,1
B_salted,1000000,77,uniq,995867,-4133,-4.133000e-03,0.111,0.109,1
B_salted,1000000,78,uniq,1002620,2620,2.620000e-03,0.111,0.109,1
B_salted,1000000,79,uniq,999638,-362,-3.620000e-04,0.125,0.125,1
B_salted,1000000,80,uniq,997329,-2671,-2.671000e-03,0.122,0.125,1
B_salted,1000000,81,uniq,998990,-1010,-1.010000e-03,0.11,0.11,1
B_salted,1000000,82,uniq,1000936,936,9.360000e-04,0.114,0.109,1
B_salted,1000000,83,uniq,995224,-4776,-4.776000e-03,0.113,0.109,1
B_salted,1000000,84,uniq,998117,-1883,-1.883000e-03,0.121,0.125,1
B_salted,1000000,85,uniq,994910,-5090,-5.090000e-03,0.132,0.125,1
B_salted,1000000,86,uniq,999990,-10,-1.000000e-05,0.109,0.11,1
B_salted,1000000,87,uniq,996738,-3262,-3.262000e-03,0.111,0.125,1
B_salted,1000000,88,uniq,1002793,2793,2.793000e-03,0.118,0.109,1
B_salted,1000000,89,uniq,1000009,9,9.000000e-06,0.112,0.11,1
B_salted,1000000,90,uniq,995215,-4785,-4.785000e-03,0.11,0.109,1
B_salted,1000000,91,uniq,993193,-6807,-6.807000e-03,0.124,0.125,1
B_salted,1000000,92,uniq,999587,-413,-4.130000e-04,0.125,0.125,1
B_salted,1000000,93,uniq,999868,-132,-1.320000e-04,0.124,0.125,1
B_salted,1000000,94,uniq,994211,-5789,-5.789000e-03,0.113,0.109,1
B_salted,1000000,95,uniq,1003810,3810,3.810000e-03,0.114,0.125,1
B_salted,1000000,96,uniq,997310,-2690,-2.690000e-03,0.125,0.125,1
B_salted,1000000,97,uniq,999421,-579,-5.790000e-04,0.122,0.125,1
B_salted,1000000,98,uniq,996548,-3452,-3.452000e-03,0.136,0.125,1
B_salted,1000000,99,uniq,995474,-4526,-4.526000e-03,0.112,0.11,1
B_salted,1000000,100,uniq,1001594,1594,1.594000e-03,0.118,0.125,1
B_salted,10000000,1,uniq,10035497,35497,3.549700e-03,0.167,0.172,1
B_salted,10000000,2,uniq,10007477,7477,7.477000e-04,0.185,0.187,1
B_salted,10000000,3,uniq,9980085,-19915,-1.991500e-03,0.162,0.156,1
B_salted,10000000,4,uniq,9967297,-32703,-3.270300e-03,0.155,0.157,1
B_salted,10000000,5,uniq,10002552,2552,2.552000e-04,0.165,0.156,1
B_salted,10000000,6,uniq,9971286,-28714,-2.871400e-03,0.144,0.156,1
B_salted,10000000,7,uniq,9893886,-106114,-1.061140e-02,0.174,0.172,1
B_salted,10000000,8,uniq,10079709,79709,7.970900e-03,0.161,0.156,1
B_salted,10000000,9,uniq,10056154,56154,5.615400e-03,0.147,0.156,1
B_salted,10000000,10,uniq,9985448,-14552,-1.455200e-03,0.152,0.141,1
B_salted,10000000,11,uniq,9909321,-90679,-9.067900e-03,0.147,0.156,1
B_salted,10000000,12,uniq,9933117,-66883,-6.688300e-03,0.168,0.157,1
B_salted,10000000,13,uniq,9958934,-41066,-4.106600e-03,0.144,0.156,1
B_salted,10000000,14,uniq,9937339,-62661,-6.266100e-03,0.174,0.172,1
B_salted,10000000,15,uniq,9979798,-20202,-2.020200e-03,0.141,0.14,1
B_salted,10000000,16,uniq,10008433,8433,8.433000e-04,0.16,0.157,1
B_salted,10000000,17,uniq,10006777,6777,6.777000e-04,0.139,0.14,1
B_salted,10000000,18,uniq,9973613,-26387,-2.638700e-03,0.161,0.156,1
B_salted,10000000,19,uniq,10053175,53175,5.317500e-03,0.151,0.157,1
B_salted,10000000,20,uniq,9933784,-66216,-6.621600e-03,0.16,0.156,1
B_salted,10000000,21,uniq,10060654,60654,6.065400e-03,0.16,0.156,1
B_salted,10000000,22,uniq,10028135,28135,2.813500e-03,0.144,0.156,1
B_salted,10000000,23,uniq,10002813,2813,2.813000e-04,0.145,0.141,1
B_salted,10000000,24,uniq,9987543,-12457,-1.245700e-03,0.142,0.141,1
B_salted,10000000,25,uniq,9981490,-18510,-1.851000e-03,0.135,0.14,1
B_salted,10000000,26,uniq,10016692,16692,1.669200e-03,0.172,0.172,1
B_salted,10000000,27,uniq,9991105,-8895,-8.895000e-04,0.154,0.156,1
B_salted,10000000,28,uniq,10033611,33611,3.361100e-03,0.151,0.141,1
B_salted,10000000,29,uniq,10114549,114549,1.145490e-02,0.164,0.172,1
B_salted,10000000,30,uniq,10015092,15092,1.509200e-03,0.151,0.141,1
B_salted,10000000,31,uniq,9924220,-75780,-7.578000e-03,0.18,0.187,1
B_salted,10000000,32,uniq,9982155,-17845,-1.784500e-03,0.17,0.172,1
B_salted,10000000,33,uniq,9947331,-52669,-5.266900e-03,0.139,0.141,1
B_salted,10000000,34,uniq,10018486,18486,1.848600e-03,0.152,0.14,1
B_salted,10000000,35,uniq,9964721,-35279,-3.527900e-03,0.147,0.156,1
B_salted,10000000,36,uniq,9929432,-70568,-7.056800e-03,0.137,0.141,1
B_salted,10000000,37,uniq,10049915,49915,4.991500e-03,0.141,0.141,1
B_salted,10000000,38,uniq,10064956,64956,6.495600e-03,0.146,0.14,1
B_salted,10000000,39,uniq,10055859,55859,5.585900e-03,0.137,0.141,1
B_salted,10000000,40,uniq,10016523,16523,1.652300e-03,0.136,0.125,1
B_salted,10000000,41,uniq,9975832,-24168,-2.416800e-03,0.138,0.141,1
B_salted,10000000,42,uniq,10038464,38464,3.846400e-03,0.136,0.14,1
B_salted,10000000,43,uniq,10031500,31500,3.150000e-03,0.139,0.141,1
B_salted,10000000,44,uniq,10023696,23696,2.369600e-03,0.139,0.14,1
B_salted,10000000,45,uniq,10056633,56633,5.663300e-03,0.137,0.141,1
B_salted,10000000,46,uniq,10005080,5080,5.080000e-04,0.139,0.141,1
B_salted,10000000,47,uniq,9969436,-30564,-3.056400e-03,0.142,0.14,1
B_salted,10000000,48,uniq,10012171,12171,1.217100e-03,0.138,0.141,1
B_salted,10000000,49,uniq,10057745,57745,5.774500e-03,0.135,0.125,1
B_salted,10000000,50,uniq,9950599,-49401,-4.940100e-03,0.137,0.141,1
B_salted,10000000,51,uniq,10010739,10739,1.073900e-03,0.138,0.14,1
B_salted,10000000,52,uniq,10039967,39967,3.996700e-03,0.137,0.141,1
B_salted,10000000,53,uniq,10046900,46900,4.690000e-03,0.137,0.125,1
B_salted,10000000,54,uniq,10087329,87329,8.732900e-03,0.135,0.14,1
B_salted,10000000,55,uniq,10030335,30335,3.033500e-03,0.139,0.141,1
B_salted,10000000,56,uniq,9999107,-893,-8.930000e-05,0.139,0.141,1
B_salted,10000000,57,uniq,10035750,35750,3.575000e-03,0.137,0.14,1
B_salted,10000000,58,uniq,10012390,12390,1.239000e-03,0.139,0.141,1
B_salted,10000000,59,uniq,10077916,77916,7.791600e-03,0.135,0.125,1
B_salted,10000000,60,uniq,9984714,-15286,-1.528600e-03,0.135,0.141,1
B_salted,10000000,61,uniq,10032507,32507,3.250700e-03,0.14,0.14,1
B_salted,10000000,62,uniq,10031278,31278,3.127800e-03,0.166,0.156,1
B_salted,10000000,63,uniq,9874421,-125579,-1.255790e-02,0.144,0.157,1
B_salted,10000000,64,uniq,9925044,-74956,-7.495600e-03,0.138,0.14,1
B_salted,10000000,65,uniq,10011667,11667,1.166700e-03,0.137,0.125,1
B_salted,10000000,66,uniq,9909035,-90965,-9.096500e-03,0.139,0.141,1
B_salted,10000000,67,uniq,10001888,1888,1.888000e-04,0.137,0.141,1
B_salted,10000000,68,uniq,9960060,-39940,-3.994000e-03,0.148,0.14,1
B_salted,10000000,69,uniq,9979140,-20860,-2.086000e-03,0.144,0.156,1
B_salted,10000000,70,uniq,10034178,34178,3.417800e-03,0.14,0.141,1
B_salted,10000000,71,uniq,9958934,-41066,-4.106600e-03,0.136,0.125,1
B_salted,10000000,72,uniq,9926350,-73650,-7.365000e-03,0.138,0.141,1
B_salted,10000000,73,uniq,9931120,-68880,-6.888000e-03,0.137,0.14,1
B_salted,10000000,74,uniq,9939757,-60243,-6.024300e-03,0.141,0.141,1
B_salted,10000000,75,uniq,9999691,-309,-3.090000e-05,0.135,0.141,1
B_salted,10000000,76,uniq,10031278,31278,3.127800e-03,0.138,0.14,1
B_salted,10000000,77,uniq,9983940,-16060,-1.606000e-03,0.138,0.125,1
B_salted,10000000,78,uniq,10043420,43420,4.342000e-03,0.135,0.141,1
B_salted,10000000,79,uniq,10034640,34640,3.464000e-03,0.137,0.14,1
B_salted,10000000,80,uniq,10021712,21712,2.171200e-03,0.136,0.141,1
B_salted,10000000,81,uniq,9904850,-95150,-9.515000e-03,0.133,0.125,1
B_salted,10000000,82,uniq,9951456,-48544,-4.854400e-03,0.135,0.141,1
B_salted,10000000,83,uniq,10004820,4820,4.820000e-04,0.151,0.156,1
B_salted,10000000,84,uniq,9982408,-17592,-1.759200e-03,0.137,0.125,1
B_salted,10000000,85,uniq,10096784,96784,9.678400e-03,0.168,0.172,1
B_salted,10000000,86,uniq,9997463,-2537,-2.537000e-04,0.141,0.14,1
B_salted,10000000,87,uniq,9957535,-42465,-4.246500e-03,0.167,0.172,1
B_salted,10000000,88,uniq,10045559,45559,4.555900e-03,0.158,0.157,1
B_salted,10000000,89,uniq,9954250,-45750,-4.575000e-03,0.139,0.14,1
B_salted,10000000,90,uniq,10020487,20487,2.048700e-03,0.154,0.156,1
B_salted,10000000,91,uniq,10020938,20938,2.093800e-03,0.162,0.157,1
B_salted,10000000,92,uniq,10116644,116644,1.166440e-02,0.168,0.172,1
B_salted,10000000,93,uniq,9993812,-6188,-6.188000e-04,0.151,0.156,1
B_salted,10000000,94,uniq,9945638,-54362,-5.436200e-03,0.238,0.234,1
B_salted,10000000,95,uniq,10021712,21712,2.171200e-03,0.155,0.156,1
B_salted,10000000,96,uniq,9979798,-20202,-2.020200e-03,0.175,0.172,1
B_salted,10000000,97,uniq,10020705,20705,2.070500e-03,0.182,0.188,1
B_salted,10000000,98,uniq,9947584,-52416,-5.241600e-03,0.156,0.156,1
B_salted,10000000,99,uniq,10027439,27439,2.743900e-03,0.159,0.156,1
B_salted,10000000,100,uniq,9959518,-40482,-4.048200e-03,0.175,0.172,1
B_salted,100000000,1,uniq,99596007,-403993,-4.039930e-03,0.395,0.391,1
B_salted,100000000,2,uniq,99635344,-364656,-3.646560e-03,0.375,0.375,1
B_salted,100000000,3,uniq,99839878,-160122,-1.601220e-03,0.378,0.39,1
B_salted,100000000,4,uniq,100547816,547816,5.478160e-03,0.459,0.454,1
B_salted,100000000,5,uniq,100318146,318146,3.181460e-03,0.388,0.39,1
B_salted,100000000,6,uniq,100262297,262297,2.622970e-03,0.399,0.391,1
B_salted,100000000,7,uniq,99615837,-384163,-3.841630e-03,0.375,0.375,1
B_salted,100000000,8,uniq,100444238,444238,4.442380e-03,0.386,0.39,1
B_salted,100000000,9,uniq,99864680,-135320,-1.353200e-03,0.405,0.407,1
B_salted,100000000,10,uniq,100838213,838213,8.382130e-03,0.395,0.39,1
B_salted,100000000,11,uniq,99281832,-718168,-7.181680e-03,0.4,0.407,1
B_salted,100000000,12,uniq,100004793,4793,4.793000e-05,0.389,0.39,1
B_salted,100000000,13,uniq,100168098,168098,1.680980e-03,0.395,0.391,1
B_salted,100000000,14,uniq,100571588,571588,5.715880e-03,0.473,0.469,1
B_salted,100000000,15,uniq,100313488,313488,3.134880e-03,0.424,0.437,1
B_salted,100000000,16,uniq,99959857,-40143,-4.014300e-04,0.395,0.391,1
B_salted,100000000,17,uniq,100150394,150394,1.503940e-03,0.381,0.375,1
B_salted,100000000,18,uniq,100415205,415205,4.152050e-03,0.387,0.39,1
B_salted,100000000,19,uniq,99509796,-490204,-4.902040e-03,0.322,0.328,1
B_salted,100000000,20,uniq,100038452,38452,3.845200e-04,0.316,0.313,1
B_salted,100000000,21,uniq,100340980,340980,3.409800e-03,0.321,0.312,1
B_salted,100000000,22,uniq,100030737,30737,3.073700e-04,0.32,0.329,1
B_salted,100000000,23,uniq,100265795,265795,2.657950e-03,0.32,0.312,1
B_salted,100000000,24,uniq,99343893,-656107,-6.561070e-03,0.325,0.328,1
B_salted,100000000,25,uniq,99556168,-443832,-4.438320e-03,0.393,0.391,1
B_salted,100000000,26,uniq,101139676,1139676,1.139676e-02,0.396,0.406,1
B_salted,100000000,27,uniq,100026997,26997,2.699700e-04,0.321,0.313,1
B_salted,100000000,28,uniq,100746338,746338,7.463380e-03,0.319,0.328,1
B_salted,100000000,29,uniq,100305534,305534,3.055340e-03,0.318,0.312,1
B_salted,100000000,30,uniq,100612929,612929,6.129290e-03,0.381,0.391,1
B_salted,100000000,31,uniq,99887380,-112620,-1.126200e-03,0.316,0.312,1
B_salted,100000000,32,uniq,99623610,-376390,-3.763900e-03,0.314,0.313,1
B_salted,100000000,33,uniq,100179442,179442,1.794420e-03,0.314,0.312,1
B_salted,100000000,34,uniq,100657750,657750,6.577500e-03,0.321,0.313,1
B_salted,100000000,35,uniq,100345955,345955,3.459550e-03,0.315,0.328,1
B_salted,100000000,36,uniq,100345207,345207,3.452070e-03,0.314,0.312,1
B_salted,100000000,37,uniq,100041366,41366,4.136600e-04,0.313,0.313,1
B_salted,100000000,38,uniq,99824896,-175104,-1.751040e-03,0.313,0.312,1
B_salted,100000000,39,uniq,100601545,601545,6.015450e-03,0.321,0.313,1
B_salted,100000000,40,uniq,100379649,379649,3.796490e-03,0.343,0.344,1
B_salted,100000000,41,uniq,99826246,-173754,-1.737540e-03,0.319,0.328,1
B_salted,100000000,42,uniq,100532472,532472,5.324720e-03,0.312,0.312,1
B_salted,100000000,43,uniq,100528871,528871,5.288710e-03,0.322,0.313,1
B_salted,100000000,44,uniq,100387106,387106,3.871060e-03,0.324,0.328,1
B_salted,100000000,45,uniq,100000009,9,9.000000e-08,0.314,0.312,1
B_salted,100000000,46,uniq,99917221,-82779,-8.277900e-04,0.343,0.344,1
B_salted,100000000,47,uniq,99771386,-228614,-2.286140e-03,0.319,0.328,1
B_salted,100000000,48,uniq,100026997,26997,2.699700e-04,0.312,0.313,1
B_salted,100000000,49,uniq,100290483,290483,2.904830e-03,0.318,0.312,1
B_salted,100000000,50,uniq,99871902,-128098,-1.280980e-03,0.325,0.328,1
B_salted,100000000,51,uniq,99386554,-613446,-6.134460e-03,0.316,0.313,1
B_salted,100000000,52,uniq,100033659,33659,3.365900e-04,0.334,0.328,1
B_salted,100000000,53,uniq,100012396,12396,1.239600e-04,0.322,0.328,1
B_salted,100000000,54,uniq,99767769,-232231,-2.322310e-03,0.317,0.313,1
B_salted,100000000,55,uniq,99770626,-229374,-2.293740e-03,0.32,0.328,1
B_salted,100000000,56,uniq,99704370,-295630,-2.956300e-03,0.317,0.312,1
B_salted,100000000,57,uniq,99666160,-333840,-3.338400e-03,0.353,0.36,1
B_salted,100000000,58,uniq,98978472,-1021528,-1.021528e-02,0.328,0.328,1
B_salted,100000000,59,uniq,100272429,272429,2.724290e-03,0.411,0.406,1
B_salted,100000000,60,uniq,99675406,-324594,-3.245940e-03,0.325,0.328,1
B_salted,100000000,61,uniq,100996270,996270,9.962700e-03,0.325,0.328,1
B_salted,100000000,62,uniq,99796412,-203588,-2.035880e-03,0.313,0.313,1
B_salted,100000000,63,uniq,99569684,-430316,-4.303160e-03,0.318,0.312,1
B_salted,100000000,64,uniq,100231283,231283,2.312830e-03,0.321,0.328,1
B_salted,100000000,65,uniq,98938138,-1061862,-1.061862e-02,0.317,0.313,1
B_salted,100000000,66,uniq,100165143,165143,1.651430e-03,0.313,0.312,1
B_salted,100000000,67,uniq,101346317,1346317,1.346317e-02,0.317,0.313,1
B_salted,100000000,68,uniq,100495533,495533,4.955330e-03,0.328,0.328,1
B_salted,100000000,69,uniq,100012396,12396,1.239600e-04,0.314,0.313,1
B_salted,100000000,70,uniq,99760061,-239939,-2.399390e-03,0.313,0.312,1
B_salted,100000000,71,uniq,99901680,-98320,-9.832000e-04,0.333,0.344,1
B_salted,100000000,72,uniq,99848890,-151110,-1.511100e-03,0.311,0.312,1
B_salted,100000000,73,uniq,99393045,-606955,-6.069550e-03,0.321,0.313,1
B_salted,100000000,74,uniq,99591235,-408765,-4.087650e-03,0.326,0.328,1
B_salted,100000000,75,uniq,100145757,145757,1.457570e-03,0.324,0.328,1
B_salted,100000000,76,uniq,100411595,411595,4.115950e-03,0.319,0.313,1
B_salted,100000000,77,uniq,100262297,262297,2.622970e-03,0.32,0.328,1
B_salted,100000000,78,uniq,99680043,-319957,-3.199570e-03,0.329,0.328,1
B_salted,100000000,79,uniq,99536586,-463414,-4.634140e-03,0.34,0.344,1
B_salted,100000000,80,uniq,100456152,456152,4.561520e-03,0.373,0.359,1
B_salted,100000000,81,uniq,100723947,723947,7.239470e-03,0.37,0.375,1
B_salted,100000000,82,uniq,99783801,-216199,-2.161990e-03,0.383,0.391,1
B_salted,100000000,83,uniq,99109917,-890083,-8.900830e-03,0.346,0.343,1
B_salted,100000000,84,uniq,100106426,106426,1.064260e-03,0.353,0.36,1
B_salted,100000000,85,uniq,99775608,-224392,-2.243920e-03,0.333,0.328,1
B_salted,100000000,86,uniq,100030737,30737,3.073700e-04,0.38,0.375,1
B_salted,100000000,87,uniq,99822018,-177982,-1.779820e-03,0.388,0.39,1
B_salted,100000000,88,uniq,99767769,-232231,-2.322310e-03,0.4,0.407,1
B_salted,100000000,89,uniq,100577052,577052,5.770520e-03,0.403,0.39,1
B_salted,100000000,90,uniq,99867237,-132763,-1.327630e-03,0.397,0.407,1
B_salted,100000000,91,uniq,99887380,-112620,-1.126200e-03,0.391,0.39,1
B_salted,100000000,92,uniq,99895221,-104779,-1.047790e-03,0.385,0.391,1
B_salted,100000000,93,uniq,99900338,-99662,-9.966200e-04,0.421,0.422,1
B_salted,100000000,94,uniq,100327164,327164,3.271640e-03,0.418,0.406,1
B_salted,100000000,95,uniq,99541568,-458432,-4.584320e-03,0.391,0.391,1
B_salted,100000000,96,uniq,99331286,-668714,-6.687140e-03,0.385,0.39,1
B_salted,100000000,97,uniq,100207736,207736,2.077360e-03,0.392,0.391,1
B_salted,100000000,98,uniq,100218741,218741,2.187410e-03,0.412,0.422,1
B_salted,100000000,99,uniq,100411595,411595,4.115950e-03,0.393,0.39,1
B_salted,100000000,100,uniq,99628378,-371622,-3.716220e-03,0.396,0.391,1
B_salted,1000000000,1,uniq,1000329314,329314,3.293140e-04,2.621,2.625,1
B_salted,1000000000,2,uniq,992086720,-7913280,-7.913280e-03,2.606,2.609,1
B_salted,1000000000,3,uniq,996414708,-3585292,-3.585292e-03,2.603,2.594,1
B_salted,1000000000,4,uniq,998327420,-1672580,-1.672580e-03,2.686,2.688,1
B_salted,1000000000,5,uniq,1005890663,5890663,5.890663e-03,2.687,2.687,1
B_salted,1000000000,6,uniq,1005192922,5192922,5.192922e-03,2.619,2.625,1
B_salted,1000000000,7,uniq,1007566933,7566933,7.566933e-03,2.667,2.672,1
B_salted,1000000000,8,uniq,1004251612,4251612,4.251612e-03,2.655,2.641,1
B_salted,1000000000,9,uniq,997876244,-2123756,-2.123756e-03,2.18,2.187,1
B_salted,1000000000,10,uniq,1003125047,3125047,3.125047e-03,2.21,2.203,1
B_salted,1000000000,11,uniq,1002804440,2804440,2.804440e-03,2.033,2.047,1
B_salted,1000000000,12,uniq,1006075641,6075641,6.075641e-03,2.502,2.5,1
B_salted,1000000000,13,uniq,1000390382,390382,3.903820e-04,2.213,2.203,1
B_salted,1000000000,14,uniq,995776534,-4223466,-4.223466e-03,2.048,2.047,1
B_salted,1000000000,15,uniq,999004345,-995655,-9.956550e-04,2.157,2.156,1
B_salted,1000000000,16,uniq,1000706897,706897,7.068970e-04,2.072,2.078,1
B_salted,1000000000,17,uniq,997452417,-2547583,-2.547583e-03,2.094,2.094,1
B_salted,1000000000,18,uniq,1006481011,6481011,6.481011e-03,2.05,2.047,1
B_salted,1000000000,19,uniq,1004704038,4704038,4.704038e-03,2.049,2.047,1
B_salted,1000000000,20,uniq,997677272,-2322728,-2.322728e-03,2.223,2.234,1
B_salted,1000000000,21,uniq,1007566933,7566933,7.566933e-03,2.086,2.078,1
B_salted,1000000000,22,uniq,1005579500,5579500,5.579500e-03,2.101,2.11,1
B_salted,1000000000,23,uniq,1009511765,9511765,9.511765e-03,2.252,2.25,1
B_salted,1000000000,24,uniq,1006418587,6418587,6.418587e-03,2.477,2.469,1
B_salted,1000000000,25,uniq,998610682,-1389318,-1.389318e-03,2.618,2.61,1
B_salted,1000000000,26,uniq,993493417,-6506583,-6.506583e-03,2.701,2.703,1
B_salted,1000000000,27,uniq,1001658419,1658419,1.658419e-03,2.617,2.625,1
B_salted,1000000000,28,uniq,1002454336,2454336,2.454336e-03,2.755,2.75,1
B_salted,1000000000,29,uniq,1002677055,2677055,2.677055e-03,2.681,2.672,1
B_salted,1000000000,30,uniq,1005192922,5192922,5.192922e-03,2.624,2.625,1
B_salted,1000000000,31,uniq,1004164538,4164538,4.164538e-03,2.759,2.765,1
B_salted,1000000000,32,uniq,999250320,-749680,-7.496800e-04,2.664,2.656,1
B_salted,1000000000,33,uniq,994655037,-5344963,-5.344963e-03,2.648,2.657,1
B_salted,1000000000,34,uniq,1004889247,4889247,4.889247e-03,2.586,2.593,1
B_salted,1000000000,35,uniq,1000934955,934955,9.349550e-04,2.155,2.141,1
B_salted,1000000000,36,uniq,996084266,-3915734,-3.915734e-03,2.035,2.047,1
B_salted,1000000000,37,uniq,999231390,-768610,-7.686100e-04,2.042,2.031,1
B_salted,1000000000,38,uniq,1001585406,1585406,1.585406e-03,2.085,2.094,1
B_salted,1000000000,39,uniq,1006514629,6514629,6.514629e-03,2.041,2.031,1
B_salted,1000000000,40,uniq,997309359,-2690641,-2.690641e-03,2.041,2.047,1
B_salted,1000000000,41,uniq,1001108480,1108480,1.108480e-03,2.056,2.063,1
B_salted,1000000000,42,uniq,1002980407,2980407,2.980407e-03,2.005,2.0,1
B_salted,1000000000,43,uniq,1000885284,885284,8.852840e-04,2.071,2.062,1
B_salted,1000000000,44,uniq,1002782645,2782645,2.782645e-03,2.042,2.031,1
B_salted,1000000000,45,uniq,1002558768,2558768,2.558768e-03,2.077,2.078,1
B_salted,1000000000,46,uniq,1001337964,1337964,1.337964e-03,2.038,2.047,1
B_salted,1000000000,47,uniq,993597161,-6402839,-6.402839e-03,2.045,2.031,1
B_salted,1000000000,48,uniq,996912204,-3087796,-3.087796e-03,2.028,2.031,1
B_salted,1000000000,49,uniq,1002536512,2536512,2.536512e-03,2.087,2.094,1
B_salted,1000000000,50,uniq,1002170533,2170533,2.170533e-03,2.412,2.406,1
B_salted,1000000000,51,uniq,1001108480,1108480,1.108480e-03,2.575,2.579,1
B_salted,1000000000,52,uniq,999583593,-416407,-4.164070e-04,2.711,2.703,1
B_salted,1000000000,53,uniq,994900902,-5099098,-5.099098e-03,2.61,2.61,1
B_salted,1000000000,54,uniq,1000235525,235525,2.355250e-04,2.599,2.593,1
B_salted,1000000000,55,uniq,992385000,-7615000,-7.615000e-03,2.561,2.563,1
B_salted,1000000000,56,uniq,994250127,-5749873,-5.749873e-03,2.62,2.625,1
B_salted,1000000000,57,uniq,1000291272,291272,2.912720e-04,2.573,2.562,1
B_salted,1000000000,58,uniq,997904706,-2095294,-2.095294e-03,2.616,2.625,1
B_salted,1000000000,59,uniq,997357894,-2642106,-2.642106e-03,2.642,2.641,1
B_salted,1000000000,60,uniq,995637835,-4362165,-4.362165e-03,2.48,2.469,1
B_salted,1000000000,61,uniq,1004455943,4455943,4.455943e-03,2.016,2.015,1
B_salted,1000000000,62,uniq,1001087369,1087369,1.087369e-03,2.122,2.125,1
B_salted,1000000000,63,uniq,995837965,-4162035,-4.162035e-03,2.024,2.032,1
B_salted,1000000000,64,uniq,1006726636,6726636,6.726636e-03,2.027,2.031,1
B_salted,1000000000,65,uniq,1002107463,2107463,2.107463e-03,2.103,2.094,1
B_salted,1000000000,66,uniq,998443742,-1556258,-1.556258e-03,2.023,2.031,1
B_salted,1000000000,67,uniq,1012244921,12244921,1.224492e-02,2.01,2.0,1
B_salted,1000000000,68,uniq,1009366222,9366222,9.366222e-03,2.033,2.031,1
B_salted,1000000000,69,uniq,1002591381,2591381,2.591381e-03,2.021,2.031,1
B_salted,1000000000,70,uniq,1000094131,94131,9.413100e-05,2.037,2.032,1
B_salted,1000000000,71,uniq,1002150855,2150855,2.150855e-03,2.026,2.031,1
B_salted,1000000000,72,uniq,1005129197,5129197,5.129197e-03,2.074,2.078,1
B_salted,1000000000,73,uniq,995158946,-4841054,-4.841054e-03,2.018,2.016,1
B_salted,1000000000,74,uniq,992549089,-7450911,-7.450911e-03,2.031,2.031,1
B_salted,1000000000,75,uniq,1001275049,1275049,1.275049e-03,2.032,2.031,1
B_salted,1000000000,76,uniq,1001421461,1421461,1.421461e-03,2.288,2.281,1
B_salted,1000000000,77,uniq,1003574711,3574711,3.574711e-03,2.62,2.625,1
B_salted,1000000000,78,uniq,995221993,-4778007,-4.778007e-03,2.641,2.641,1
B_salted,1000000000,79,uniq,1001412049,1412049,1.412049e-03,2.669,2.672,1
B_salted,1000000000,80,uniq,996823485,-3176515,-3.176515e-03,2.636,2.641,1
B_salted,1000000000,81,uniq,1000636213,636213,6.362130e-04,2.654,2.64,1
B_salted,1000000000,82,uniq,999279765,-720235,-7.202350e-04,2.664,2.672,1
B_salted,1000000000,83,uniq,998254408,-1745592,-1.745592e-03,2.623,2.625,1
B_salted,1000000000,84,uniq,1004397488,4397488,4.397488e-03,2.613,2.609,1
B_salted,1000000000,85,uniq,1003607639,3607639,3.607639e-03,2.597,2.594,1
B_salted,1000000000,86,uniq,1005487834,5487834,5.487834e-03,2.645,2.656,1
B_salted,1000000000,87,uniq,999419422,-580578,-5.805780e-04,2.087,2.079,1
B_salted,1000000000,88,uniq,996823485,-3176515,-3.176515e-03,2.121,2.125,1
B_salted,1000000000,89,uniq,1003671214,3671214,3.671214e-03,2.069,2.062,1
B_salted,1000000000,90,uniq,994784216,-5215784,-5.215784e-03,2.08,2.078,1
B_salted,1000000000,91,uniq,1002782645,2782645,2.782645e-03,2.11,2.125,1
B_salted,1000000000,92,uniq,1001357028,1357028,1.357028e-03,2.044,2.031,1
B_salted,1000000000,93,uniq,1003125047,3125047,3.125047e-03,2.042,2.047,1
B_salted,1000000000,94,uniq,996719660,-3280340,-3.280340e-03,2.046,2.047,1
B_salted,1000000000,95,uniq,1002070176,2070176,2.070176e-03,2.05,2.047,1
B_salted,1000000000,96,uniq,1001063374,1063374,1.063374e-03,2.018,2.016,1
B_salted,1000000000,97,uniq,1006849113,6849113,6.849113e-03,2.03,2.031,1
B_salted,1000000000,98,uniq,1002696783,2696783,2.696783e-03,2.06,2.062,1
B_salted,1000000000,99,uniq,995207437,-4792563,-4.792563e-03,2.09,2.094,1
B_salted,1000000000,100,uniq,1002070176,2070176,2.070176e-03,2.036,2.031,1
B_salted,10000000000,1,uniq,9985645630,-14354370,-1.435437e-03,23.749,23.75,1
B_salted,10000000000,2,uniq,9914435411,-85564589,-8.556459e-03,20.997,21.0,1
B_salted,10000000000,3,uniq,9980252448,-19747552,-1.974755e-03,19.363,19.36,1
B_salted,10000000000,4,uniq,9956316241,-43683759,-4.368376e-03,24.743,24.75,1
B_salted,10000000000,5,uniq,10029218284,29218284,2.921828e-03,19.577,19.578,1
B_salted,10000000000,6,uniq,9999419756,-580244,-5.802440e-05,19.973,19.969,1
B_salted,10000000000,7,uniq,10015997019,15997019,1.599702e-03,24.587,24.593,1
B_salted,10000000000,8,uniq,9989758946,-10241054,-1.024105e-03,19.218,19.219,1
B_salted,10000000000,9,uniq,9967655858,-32344142,-3.234414e-03,21.575,21.563,1
B_salted,10000000000,10,uniq,10117050242,117050242,1.170502e-02,23.248,23.25,1
B_salted,10000000000,11,uniq,10008219246,8219246,8.219246e-04,19.278,19.281,1
B_salted,10000000000,12,uniq,10051326962,51326962,5.132696e-03,22.564,22.562,1
B_salted,10000000000,13,uniq,9970716551,-29283449,-2.928345e-03,22.327,22.329,1
B_salted,10000000000,14,uniq,9966592652,-33407348,-3.340735e-03,18.996,19.0,1
B_salted,10000000000,15,uniq,9972568441,-27431559,-2.743156e-03,23.449,23.453,1
B_salted,10000000000,16,uniq,9989326256,-10673744,-1.067374e-03,20.623,20.609,1
B_salted,10000000000,17,uniq,9898109785,-101890215,-1.018902e-02,19.223,19.234,1
B_salted,10000000000,18,uniq,10033116193,33116193,3.311619e-03,24.506,24.5,1
B_salted,10000000000,19,uniq,10031097023,31097023,3.109702e-03,20.019,20.016,1
B_salted,10000000000,20,uniq,9979055778,-20944222,-2.094422e-03,20.793,20.797,1
B_salted,10000000000,21,uniq,10036098458,36098458,3.609846e-03,24.409,24.406,1
B_salted,10000000000,22,uniq,9950982381,-49017619,-4.901762e-03,18.904,18.906,1
B_salted,10000000000,23,uniq,10056101268,56101268,5.610127e-03,20.96,20.969,1
B_salted,10000000000,24,uniq,10056880551,56880551,5.688055e-03,23.156,23.156,1
B_salted,10000000000,25,uniq,9923305623,-76694377,-7.669438e-03,18.794,18.782,1
B_salted,10000000000,26,uniq,10043566091,43566091,4.356609e-03,22.081,22.093,1
B_salted,10000000000,27,uniq,10088178825,88178825,8.817883e-03,22.269,22.266,1
B_salted,10000000000,28,uniq,9970716551,-29283449,-2.928345e-03,19.03,19.031,1
B_salted,10000000000,29,uniq,10088178825,88178825,8.817883e-03,23.142,23.141,1
B_salted,10000000000,30,uniq,10017247500,17247500,1.724750e-03,21.913,21.906,1
B_salted,100000000000,1,uniq,18446743978444128518,18446743878444128518,1.844674e+08,211.203,211.203,1
B_salted,100000000000,2,uniq,18446743978444128518,18446743878444128518,1.844674e+08,219.681,219.688,1
B_salted,100000000000,3,uniq,18446743978444128518,18446743878444128518,1.844674e+08,214.09,214.094,1
B_salted,100000000000,4,uniq,18446743978444128518,18446743878444128518,1.844674e+08,204.907,204.906,1
B_salted,100000000000,5,uniq,18446743978444128518,18446743878444128518,1.844674e+08,201.506,201.5,1
B_salted,100000,1,uniqCombined64,100428,428,4.280000e-03,0.101,0.109,1
B_salted,100000,2,uniqCombined64,99893,-107,-1.070000e-03,0.109,0.11,1
B_salted,100000,3,uniqCombined64,100331,331,3.310000e-03,0.095,0.093,1
B_salted,100000,4,uniqCombined64,99754,-246,-2.460000e-03,0.096,0.094,1
B_salted,100000,5,uniqCombined64,99842,-158,-1.580000e-03,0.098,0.094,1
B_salted,100000,6,uniqCombined64,99852,-148,-1.480000e-03,0.096,0.094,1
B_salted,100000,7,uniqCombined64,99994,-6,-6.000000e-05,0.098,0.109,1
B_salted,100000,8,uniqCombined64,99912,-88,-8.800000e-04,0.096,0.094,1
B_salted,100000,9,uniqCombined64,100191,191,1.910000e-03,0.096,0.093,1
B_salted,100000,10,uniqCombined64,100039,39,3.900000e-04,0.097,0.094,1
B_salted,100000,11,uniqCombined64,99917,-83,-8.300000e-04,0.097,0.094,1
B_salted,100000,12,uniqCombined64,99779,-221,-2.210000e-03,0.095,0.109,1
B_salted,100000,13,uniqCombined64,99775,-225,-2.250000e-03,0.094,0.094,1
B_salted,100000,14,uniqCombined64,99852,-148,-1.480000e-03,0.095,0.094,1
B_salted,100000,15,uniqCombined64,99959,-41,-4.100000e-04,0.097,0.094,1
B_salted,100000,16,uniqCombined64,99983,-17,-1.700000e-04,0.096,0.093,1
B_salted,100000,17,uniqCombined64,100148,148,1.480000e-03,0.096,0.094,1
B_salted,100000,18,uniqCombined64,99788,-212,-2.120000e-03,0.094,0.094,1
B_salted,100000,19,uniqCombined64,99854,-146,-1.460000e-03,0.099,0.094,1
B_salted,100000,20,uniqCombined64,100262,262,2.620000e-03,0.096,0.109,1
B_salted,100000,21,uniqCombined64,99957,-43,-4.300000e-04,0.096,0.094,1
B_salted,100000,22,uniqCombined64,99936,-64,-6.400000e-04,0.095,0.093,1
B_salted,100000,23,uniqCombined64,99734,-266,-2.660000e-03,0.097,0.094,1
B_salted,100000,24,uniqCombined64,99794,-206,-2.060000e-03,0.095,0.094,1
B_salted,100000,25,uniqCombined64,99837,-163,-1.630000e-03,0.103,0.109,1
B_salted,100000,26,uniqCombined64,99977,-23,-2.300000e-04,0.097,0.094,1
B_salted,100000,27,uniqCombined64,100075,75,7.500000e-04,0.097,0.094,1
B_salted,100000,28,uniqCombined64,100007,7,7.000000e-05,0.096,0.094,1
B_salted,100000,29,uniqCombined64,100552,552,5.520000e-03,0.097,0.093,1
B_salted,100000,30,uniqCombined64,99713,-287,-2.870000e-03,0.095,0.11,1
B_salted,100000,31,uniqCombined64,99867,-133,-1.330000e-03,0.098,0.093,1
B_salted,100000,32,uniqCombined64,100273,273,2.730000e-03,0.096,0.094,1
B_salted,100000,33,uniqCombined64,100170,170,1.700000e-03,0.095,0.094,1
B_salted,100000,34,uniqCombined64,99947,-53,-5.300000e-04,0.095,0.094,1
B_salted,100000,35,uniqCombined64,100382,382,3.820000e-03,0.095,0.093,1
B_salted,100000,36,uniqCombined64,100034,34,3.400000e-04,0.095,0.094,1
B_salted,100000,37,uniqCombined64,99891,-109,-1.090000e-03,0.095,0.094,1
B_salted,100000,38,uniqCombined64,100723,723,7.230000e-03,0.097,0.109,1
B_salted,100000,39,uniqCombined64,99489,-511,-5.110000e-03,0.096,0.094,1
B_salted,100000,40,uniqCombined64,99822,-178,-1.780000e-03,0.095,0.094,1
B_salted,100000,41,uniqCombined64,100026,26,2.600000e-04,0.095,0.094,1
B_salted,100000,42,uniqCombined64,99938,-62,-6.200000e-04,0.097,0.093,1
B_salted,100000,43,uniqCombined64,100049,49,4.900000e-04,0.097,0.094,1
B_salted,100000,44,uniqCombined64,100481,481,4.810000e-03,0.096,0.109,1
B_salted,100000,45,uniqCombined64,99814,-186,-1.860000e-03,0.107,0.094,1
B_salted,100000,46,uniqCombined64,100284,284,2.840000e-03,0.111,0.11,1
B_salted,100000,47,uniqCombined64,99694,-306,-3.060000e-03,0.094,0.109,1
B_salted,100000,48,uniqCombined64,100163,163,1.630000e-03,0.097,0.094,1
B_salted,100000,49,uniqCombined64,99655,-345,-3.450000e-03,0.097,0.093,1
B_salted,100000,50,uniqCombined64,100011,11,1.100000e-04,0.096,0.094,1
B_salted,100000,51,uniqCombined64,99722,-278,-2.780000e-03,0.095,0.094,1
B_salted,100000,52,uniqCombined64,99726,-274,-2.740000e-03,0.096,0.094,1
B_salted,100000,53,uniqCombined64,100342,342,3.420000e-03,0.096,0.093,1
B_salted,100000,54,uniqCombined64,99833,-167,-1.670000e-03,0.097,0.11,1
B_salted,100000,55,uniqCombined64,100101,101,1.010000e-03,0.096,0.094,1
B_salted,100000,56,uniqCombined64,100030,30,3.000000e-04,0.098,0.093,1
B_salted,100000,57,uniqCombined64,99919,-81,-8.100000e-04,0.097,0.094,1
B_salted,100000,58,uniqCombined64,100052,52,5.200000e-04,0.097,0.109,1
B_salted,100000,59,uniqCombined64,100273,273,2.730000e-03,0.096,0.094,1
B_salted,100000,60,uniqCombined64,100015,15,1.500000e-04,0.098,0.094,1
B_salted,100000,61,uniqCombined64,99572,-428,-4.280000e-03,0.095,0.094,1
B_salted,100000,62,uniqCombined64,100032,32,3.200000e-04,0.097,0.093,1
B_salted,100000,63,uniqCombined64,100165,165,1.650000e-03,0.096,0.094,1
B_salted,100000,64,uniqCombined64,100453,453,4.530000e-03,0.097,0.11,1
B_salted,100000,65,uniqCombined64,99947,-53,-5.300000e-04,0.1,0.093,1
B_salted,100000,66,uniqCombined64,99775,-225,-2.250000e-03,0.097,0.094,1
B_salted,100000,67,uniqCombined64,99914,-86,-8.600000e-04,0.097,0.094,1
B_salted,100000,68,uniqCombined64,100176,176,1.760000e-03,0.096,0.109,1
B_salted,100000,69,uniqCombined64,100140,140,1.400000e-03,0.096,0.094,1
B_salted,100000,70,uniqCombined64,100157,157,1.570000e-03,0.096,0.094,1
B_salted,100000,71,uniqCombined64,99925,-75,-7.500000e-04,0.097,0.093,1
B_salted,100000,72,uniqCombined64,100045,45,4.500000e-04,0.096,0.094,1
B_salted,100000,73,uniqCombined64,100318,318,3.180000e-03,0.093,0.094,1
B_salted,100000,74,uniqCombined64,100277,277,2.770000e-03,0.095,0.094,1
B_salted,100000,75,uniqCombined64,99608,-392,-3.920000e-03,0.095,0.093,1
B_salted,100000,76,uniqCombined64,100155,155,1.550000e-03,0.096,0.11,1
B_salted,100000,77,uniqCombined64,99794,-206,-2.060000e-03,0.104,0.094,1
B_salted,100000,78,uniqCombined64,100402,402,4.020000e-03,0.095,0.093,1
B_salted,100000,79,uniqCombined64,99764,-236,-2.360000e-03,0.096,0.094,1
B_salted,100000,80,uniqCombined64,99634,-366,-3.660000e-03,0.097,0.109,1
B_salted,100000,81,uniqCombined64,99758,-242,-2.420000e-03,0.095,0.094,1
B_salted,100000,82,uniqCombined64,99809,-191,-1.910000e-03,0.097,0.094,1
B_salted,100000,83,uniqCombined64,100024,24,2.400000e-04,0.096,0.094,1
B_salted,100000,84,uniqCombined64,100458,458,4.580000e-03,0.096,0.093,1
B_salted,100000,85,uniqCombined64,100039,39,3.900000e-04,0.092,0.094,1
B_salted,100000,86,uniqCombined64,99760,-240,-2.400000e-03,0.096,0.11,1
B_salted,100000,87,uniqCombined64,100228,228,2.280000e-03,0.095,0.093,1
B_salted,100000,88,uniqCombined64,99638,-362,-3.620000e-03,0.099,0.094,1
B_salted,100000,89,uniqCombined64,99683,-317,-3.170000e-03,0.099,0.094,1
B_salted,100000,90,uniqCombined64,100228,228,2.280000e-03,0.095,0.094,1
B_salted,100000,91,uniqCombined64,99824,-176,-1.760000e-03,0.096,0.109,1
B_salted,100000,92,uniqCombined64,100075,75,7.500000e-04,0.096,0.094,1
B_salted,100000,93,uniqCombined64,100013,13,1.300000e-04,0.08,0.078,1
B_salted,100000,94,uniqCombined64,99839,-161,-1.610000e-03,0.111,0.109,1
B_salted,100000,95,uniqCombined64,100206,206,2.060000e-03,0.096,0.094,1
B_salted,100000,96,uniqCombined64,100189,189,1.890000e-03,0.1,0.109,1
B_salted,100000,97,uniqCombined64,100140,140,1.400000e-03,0.098,0.094,1
B_salted,100000,98,uniqCombined64,100318,318,3.180000e-03,0.096,0.094,1
B_salted,100000,99,uniqCombined64,100247,247,2.470000e-03,0.095,0.094,1
B_salted,100000,100,uniqCombined64,100026,26,2.600000e-04,0.094,0.093,1
B_salted,1000000,1,uniqCombined64,997507,-2493,-2.493000e-03,0.108,0.11,1
B_salted,1000000,2,uniqCombined64,1000254,254,2.540000e-04,0.109,0.109,1
B_salted,1000000,3,uniqCombined64,996091,-3909,-3.909000e-03,0.107,0.109,1
B_salted,1000000,4,uniqCombined64,995511,-4489,-4.489000e-03,0.107,0.11,1
B_salted,1000000,5,uniqCombined64,1003593,3593,3.593000e-03,0.106,0.109,1
B_salted,1000000,6,uniqCombined64,1003690,3690,3.690000e-03,0.108,0.11,1
B_salted,1000000,7,uniqCombined64,994419,-5581,-5.581000e-03,0.121,0.109,1
B_salted,1000000,8,uniqCombined64,1001605,1605,1.605000e-03,0.107,0.109,1
B_salted,1000000,9,uniqCombined64,1000022,22,2.200000e-05,0.107,0.11,1
B_salted,1000000,10,uniqCombined64,999539,-461,-4.610000e-04,0.107,0.109,1
B_salted,1000000,11,uniqCombined64,1000068,68,6.800000e-05,0.108,0.109,1
B_salted,1000000,12,uniqCombined64,1002748,2748,2.748000e-03,0.117,0.11,1
B_salted,1000000,13,uniqCombined64,997840,-2160,-2.160000e-03,0.107,0.109,1
B_salted,1000000,14,uniqCombined64,1005449,5449,5.449000e-03,0.106,0.11,1
B_salted,1000000,15,uniqCombined64,999340,-660,-6.600000e-04,0.108,0.109,1
B_salted,1000000,16,uniqCombined64,998010,-1990,-1.990000e-03,0.11,0.109,1
B_salted,1000000,17,uniqCombined64,1000053,53,5.300000e-05,0.107,0.11,1
B_salted,1000000,18,uniqCombined64,996903,-3097,-3.097000e-03,0.108,0.109,1
B_salted,1000000,19,uniqCombined64,1001866,1866,1.866000e-03,0.107,0.109,1
B_salted,1000000,20,uniqCombined64,1000171,171,1.710000e-04,0.107,0.094,1
B_salted,1000000,21,uniqCombined64,998413,-1587,-1.587000e-03,0.108,0.11,1
B_salted,1000000,22,uniqCombined64,1000486,486,4.860000e-04,0.109,0.109,1
B_salted,1000000,23,uniqCombined64,1000721,721,7.210000e-04,0.105,0.109,1
B_salted,1000000,24,uniqCombined64,999317,-683,-6.830000e-04,0.105,0.11,1
B_salted,1000000,25,uniqCombined64,998042,-1958,-1.958000e-03,0.109,0.109,1
B_salted,1000000,26,uniqCombined64,997135,-2865,-2.865000e-03,0.106,0.109,1
B_salted,1000000,27,uniqCombined64,1002854,2854,2.854000e-03,0.108,0.094,1
B_salted,1000000,28,uniqCombined64,1000974,974,9.740000e-04,0.11,0.109,1
B_salted,1000000,29,uniqCombined64,1001903,1903,1.903000e-03,0.106,0.094,1
B_salted,1000000,30,uniqCombined64,1001807,1807,1.807000e-03,0.106,0.109,1
B_salted,1000000,31,uniqCombined64,1000304,304,3.040000e-04,0.109,0.11,1
B_salted,1000000,32,uniqCombined64,1007556,7556,7.556000e-03,0.107,0.109,1
B_salted,1000000,33,uniqCombined64,998068,-1932,-1.932000e-03,0.104,0.109,1
B_salted,1000000,34,uniqCombined64,999112,-888,-8.880000e-04,0.106,0.11,1
B_salted,1000000,35,uniqCombined64,1000952,952,9.520000e-04,0.107,0.094,1
B_salted,1000000,36,uniqCombined64,997476,-2524,-2.524000e-03,0.105,0.109,1
B_salted,1000000,37,uniqCombined64,1000809,809,8.090000e-04,0.105,0.109,1
B_salted,1000000,38,uniqCombined64,1001189,1189,1.189000e-03,0.107,0.11,1
B_salted,1000000,39,uniqCombined64,1001976,1976,1.976000e-03,0.106,0.093,1
B_salted,1000000,40,uniqCombined64,1004750,4750,4.750000e-03,0.107,0.11,1
B_salted,1000000,41,uniqCombined64,998488,-1512,-1.512000e-03,0.105,0.109,1
B_salted,1000000,42,uniqCombined64,1000812,812,8.120000e-04,0.107,0.11,1
B_salted,1000000,43,uniqCombined64,1000125,125,1.250000e-04,0.109,0.109,1
B_salted,1000000,44,uniqCombined64,1000897,897,8.970000e-04,0.229,0.234,1
B_salted,1000000,45,uniqCombined64,1002627,2627,2.627000e-03,0.106,0.094,1
B_salted,1000000,46,uniqCombined64,1000961,961,9.610000e-04,0.107,0.109,1
B_salted,1000000,47,uniqCombined64,995330,-4670,-4.670000e-03,0.106,0.11,1
B_salted,1000000,48,uniqCombined64,1001063,1063,1.063000e-03,0.108,0.109,1
B_salted,1000000,49,uniqCombined64,999928,-72,-7.200000e-05,0.105,0.11,1
B_salted,1000000,50,uniqCombined64,1004549,4549,4.549000e-03,0.107,0.109,1
B_salted,1000000,51,uniqCombined64,999957,-43,-4.300000e-05,0.109,0.109,1
B_salted,1000000,52,uniqCombined64,1005409,5409,5.409000e-03,0.111,0.11,1
B_salted,1000000,53,uniqCombined64,997168,-2832,-2.832000e-03,0.107,0.109,1
B_salted,1000000,54,uniqCombined64,1001329,1329,1.329000e-03,0.107,0.109,1
B_salted,1000000,55,uniqCombined64,1000319,319,3.190000e-04,0.108,0.094,1
B_salted,1000000,56,uniqCombined64,998435,-1565,-1.565000e-03,0.108,0.11,1
B_salted,1000000,57,uniqCombined64,998993,-1007,-1.007000e-03,0.106,0.109,1
B_salted,1000000,58,uniqCombined64,1003232,3232,3.232000e-03,0.106,0.109,1
B_salted,1000000,59,uniqCombined64,1001793,1793,1.793000e-03,0.11,0.11,1
B_salted,1000000,60,uniqCombined64,998562,-1438,-1.438000e-03,0.114,0.109,1
B_salted,1000000,61,uniqCombined64,1001687,1687,1.687000e-03,0.11,0.109,1
B_salted,1000000,62,uniqCombined64,998957,-1043,-1.043000e-03,0.11,0.11,1
B_salted,1000000,63,uniqCombined64,996864,-3136,-3.136000e-03,0.111,0.109,1
B_salted,1000000,64,uniqCombined64,998970,-1030,-1.030000e-03,0.108,0.094,1
B_salted,1000000,65,uniqCombined64,1001950,1950,1.950000e-03,0.111,0.125,1
B_salted,1000000,66,uniqCombined64,999095,-905,-9.050000e-04,0.122,0.109,1
B_salted,1000000,67,uniqCombined64,998644,-1356,-1.356000e-03,0.111,0.109,1
B_salted,1000000,68,uniqCombined64,996092,-3908,-3.908000e-03,0.106,0.094,1
B_salted,1000000,69,uniqCombined64,1000649,649,6.490000e-04,0.104,0.109,1
B_salted,1000000,70,uniqCombined64,998280,-1720,-1.720000e-03,0.106,0.109,1
B_salted,1000000,71,uniqCombined64,1000012,12,1.200000e-05,0.112,0.11,1
B_salted,1000000,72,uniqCombined64,1005522,5522,5.522000e-03,0.105,0.109,1
B_salted,1000000,73,uniqCombined64,1000941,941,9.410000e-04,0.106,0.11,1
B_salted,1000000,74,uniqCombined64,998696,-1304,-1.304000e-03,0.106,0.093,1
B_salted,1000000,75,uniqCombined64,995360,-4640,-4.640000e-03,0.107,0.11,1
B_salted,1000000,76,uniqCombined64,993941,-6059,-6.059000e-03,0.107,0.109,1
B_salted,1000000,77,uniqCombined64,997263,-2737,-2.737000e-03,0.107,0.109,1
B_salted,1000000,78,uniqCombined64,1002990,2990,2.990000e-03,0.106,0.11,1
B_salted,1000000,79,uniqCombined64,999639,-361,-3.610000e-04,0.106,0.109,1
B_salted,1000000,80,uniqCombined64,1000196,196,1.960000e-04,0.111,0.11,1
B_salted,1000000,81,uniqCombined64,998740,-1260,-1.260000e-03,0.113,0.109,1
B_salted,1000000,82,uniqCombined64,1002103,2103,2.103000e-03,0.113,0.109,1
B_salted,1000000,83,uniqCombined64,995591,-4409,-4.409000e-03,0.11,0.11,1
B_salted,1000000,84,uniqCombined64,1001199,1199,1.199000e-03,0.108,0.109,1
B_salted,1000000,85,uniqCombined64,995517,-4483,-4.483000e-03,0.107,0.109,1
B_salted,1000000,86,uniqCombined64,995470,-4530,-4.530000e-03,0.106,0.11,1
B_salted,1000000,87,uniqCombined64,998321,-1679,-1.679000e-03,0.106,0.094,1
B_salted,1000000,88,uniqCombined64,1004010,4010,4.010000e-03,0.111,0.125,1
B_salted,1000000,89,uniqCombined64,999677,-323,-3.230000e-04,0.114,0.109,1
B_salted,1000000,90,uniqCombined64,998052,-1948,-1.948000e-03,0.111,0.109,1
B_salted,1000000,91,uniqCombined64,1002686,2686,2.686000e-03,0.115,0.11,1
B_salted,1000000,92,uniqCombined64,999415,-585,-5.850000e-04,0.106,0.109,1
B_salted,1000000,93,uniqCombined64,1001317,1317,1.317000e-03,0.109,0.109,1
B_salted,1000000,94,uniqCombined64,1002278,2278,2.278000e-03,0.106,0.11,1
B_salted,1000000,95,uniqCombined64,1006527,6527,6.527000e-03,0.11,0.109,1
B_salted,1000000,96,uniqCombined64,998147,-1853,-1.853000e-03,0.108,0.11,1
B_salted,1000000,97,uniqCombined64,998297,-1703,-1.703000e-03,0.116,0.109,1
B_salted,1000000,98,uniqCombined64,1001325,1325,1.325000e-03,0.115,0.125,1
B_salted,1000000,99,uniqCombined64,996773,-3227,-3.227000e-03,0.113,0.109,1
B_salted,1000000,100,uniqCombined64,1003613,3613,3.613000e-03,0.109,0.11,1
B_salted,10000000,1,uniqCombined64,9985701,-14299,-1.429900e-03,0.2,0.203,1
B_salted,10000000,2,uniqCombined64,10048863,48863,4.886300e-03,0.211,0.203,1
B_salted,10000000,3,uniqCombined64,9960982,-39018,-3.901800e-03,0.198,0.203,1
B_salted,10000000,4,uniqCombined64,10014832,14832,1.483200e-03,0.197,0.188,1
B_salted,10000000,5,uniqCombined64,9984653,-15347,-1.534700e-03,0.194,0.203,1
B_salted,10000000,6,uniqCombined64,10015758,15758,1.575800e-03,0.198,0.203,1
B_salted,10000000,7,uniqCombined64,9978929,-21071,-2.107100e-03,0.204,0.203,1
B_salted,10000000,8,uniqCombined64,10013163,13163,1.316300e-03,0.206,0.203,1
B_salted,10000000,9,uniqCombined64,9979840,-20160,-2.016000e-03,0.201,0.203,1
B_salted,10000000,10,uniqCombined64,10037806,37806,3.780600e-03,0.204,0.203,1
B_salted,10000000,11,uniqCombined64,10006785,6785,6.785000e-04,0.2,0.203,1
B_salted,10000000,12,uniqCombined64,10005103,5103,5.103000e-04,0.203,0.204,1
B_salted,10000000,13,uniqCombined64,9962406,-37594,-3.759400e-03,0.194,0.187,1
B_salted,10000000,14,uniqCombined64,10055151,55151,5.515100e-03,0.175,0.172,1
B_salted,10000000,15,uniqCombined64,9958321,-41679,-4.167900e-03,0.188,0.187,1
B_salted,10000000,16,uniqCombined64,9970307,-29693,-2.969300e-03,0.175,0.172,1
B_salted,10000000,17,uniqCombined64,10026498,26498,2.649800e-03,0.173,0.188,1
B_salted,10000000,18,uniqCombined64,10033277,33277,3.327700e-03,0.175,0.172,1
B_salted,10000000,19,uniqCombined64,10014422,14422,1.442200e-03,0.181,0.172,1
B_salted,10000000,20,uniqCombined64,9996506,-3494,-3.494000e-04,0.191,0.203,1
B_salted,10000000,21,uniqCombined64,9996615,-3385,-3.385000e-04,0.177,0.172,1
B_salted,10000000,22,uniqCombined64,10004284,4284,4.284000e-04,0.176,0.171,1
B_salted,10000000,23,uniqCombined64,10035992,35992,3.599200e-03,0.174,0.172,1
B_salted,10000000,24,uniqCombined64,9986629,-13371,-1.337100e-03,0.178,0.188,1
B_salted,10000000,25,uniqCombined64,10005444,5444,5.444000e-04,0.192,0.187,1
B_salted,10000000,26,uniqCombined64,9993810,-6190,-6.190000e-04,0.196,0.203,1
B_salted,10000000,27,uniqCombined64,9981195,-18805,-1.880500e-03,0.2,0.188,1
B_salted,10000000,28,uniqCombined64,10003744,3744,3.744000e-04,0.221,0.234,1
B_salted,10000000,29,uniqCombined64,10027569,27569,2.756900e-03,0.193,0.188,1
B_salted,10000000,30,uniqCombined64,10006227,6227,6.227000e-04,0.203,0.203,1
B_salted,10000000,31,uniqCombined64,9923602,-76398,-7.639800e-03,0.199,0.203,1
B_salted,10000000,32,uniqCombined64,10018078,18078,1.807800e-03,0.195,0.188,1
B_salted,10000000,33,uniqCombined64,9986374,-13626,-1.362600e-03,0.191,0.187,1
B_salted,10000000,34,uniqCombined64,9979059,-20941,-2.094100e-03,0.206,0.219,1
B_salted,10000000,35,uniqCombined64,10057969,57969,5.796900e-03,0.197,0.187,1
B_salted,10000000,36,uniqCombined64,10030188,30188,3.018800e-03,0.2,0.203,1
B_salted,10000000,37,uniqCombined64,9979503,-20497,-2.049700e-03,0.22,0.219,1
B_salted,10000000,38,uniqCombined64,9988821,-11179,-1.117900e-03,0.199,0.203,1
B_salted,10000000,39,uniqCombined64,10070198,70198,7.019800e-03,0.218,0.219,1
B_salted,10000000,40,uniqCombined64,10010428,10428,1.042800e-03,0.205,0.203,1
B_salted,10000000,41,uniqCombined64,10008946,8946,8.946000e-04,0.2,0.203,1
B_salted,10000000,42,uniqCombined64,9983000,-17000,-1.700000e-03,0.216,0.219,1
B_salted,10000000,43,uniqCombined64,9982460,-17540,-1.754000e-03,0.2,0.188,1
B_salted,10000000,44,uniqCombined64,9973248,-26752,-2.675200e-03,0.202,0.203,1
B_salted,10000000,45,uniqCombined64,9997272,-2728,-2.728000e-04,0.221,0.218,1
B_salted,10000000,46,uniqCombined64,9974833,-25167,-2.516700e-03,0.274,0.282,1
B_salted,10000000,47,uniqCombined64,9948101,-51899,-5.189900e-03,0.198,0.203,1
B_salted,10000000,48,uniqCombined64,10078996,78996,7.899600e-03,0.2,0.187,1
B_salted,10000000,49,uniqCombined64,9976015,-23985,-2.398500e-03,0.207,0.219,1
B_salted,10000000,50,uniqCombined64,10021079,21079,2.107900e-03,0.197,0.188,1
B_salted,10000000,51,uniqCombined64,10013538,13538,1.353800e-03,0.205,0.203,1
B_salted,10000000,52,uniqCombined64,9972886,-27114,-2.711400e-03,0.203,0.203,1
B_salted,10000000,53,uniqCombined64,10006715,6715,6.715000e-04,0.211,0.219,1
B_salted,10000000,54,uniqCombined64,10004825,4825,4.825000e-04,0.235,0.234,1
B_salted,10000000,55,uniqCombined64,10022222,22222,2.222200e-03,0.203,0.203,1
B_salted,10000000,56,uniqCombined64,10007003,7003,7.003000e-04,0.188,0.188,1
B_salted,10000000,57,uniqCombined64,10024452,24452,2.445200e-03,0.178,0.187,1
B_salted,10000000,58,uniqCombined64,10007460,7460,7.460000e-04,0.206,0.203,1
B_salted,10000000,59,uniqCombined64,10011812,11812,1.181200e-03,0.204,0.203,1
B_salted,10000000,60,uniqCombined64,9969767,-30233,-3.023300e-03,0.214,0.219,1
B_salted,10000000,61,uniqCombined64,9971397,-28603,-2.860300e-03,0.185,0.172,1
B_salted,10000000,62,uniqCombined64,9999600,-400,-4.000000e-05,0.188,0.187,1
B_salted,10000000,63,uniqCombined64,9989895,-10105,-1.010500e-03,0.205,0.219,1
B_salted,10000000,64,uniqCombined64,10052524,52524,5.252400e-03,0.199,0.188,1
B_salted,10000000,65,uniqCombined64,9986558,-13442,-1.344200e-03,0.208,0.218,1
B_salted,10000000,66,uniqCombined64,9981121,-18879,-1.887900e-03,0.19,0.188,1
B_salted,10000000,67,uniqCombined64,10009388,9388,9.388000e-04,0.228,0.219,1
B_salted,10000000,68,uniqCombined64,9986974,-13026,-1.302600e-03,0.185,0.187,1
B_salted,10000000,69,uniqCombined64,10009443,9443,9.443000e-04,0.206,0.203,1
B_salted,10000000,70,uniqCombined64,10040994,40994,4.099400e-03,0.193,0.203,1
B_salted,10000000,71,uniqCombined64,9991065,-8935,-8.935000e-04,0.196,0.188,1
B_salted,10000000,72,uniqCombined64,9968977,-31023,-3.102300e-03,0.199,0.203,1
B_salted,10000000,73,uniqCombined64,10000691,691,6.910000e-05,0.204,0.203,1
B_salted,10000000,74,uniqCombined64,9991582,-8418,-8.418000e-04,0.192,0.188,1
B_salted,10000000,75,uniqCombined64,9951765,-48235,-4.823500e-03,0.186,0.187,1
B_salted,10000000,76,uniqCombined64,9955631,-44369,-4.436900e-03,0.171,0.172,1
B_salted,10000000,77,uniqCombined64,9996263,-3737,-3.737000e-04,0.175,0.188,1
B_salted,10000000,78,uniqCombined64,9975110,-24890,-2.489000e-03,0.173,0.171,1
B_salted,10000000,79,uniqCombined64,9949832,-50168,-5.016800e-03,0.177,0.172,1
B_salted,10000000,80,uniqCombined64,10041843,41843,4.184300e-03,0.174,0.172,1
B_salted,10000000,81,uniqCombined64,9989926,-10074,-1.007400e-03,0.17,0.172,1
B_salted,10000000,82,uniqCombined64,9994295,-5705,-5.705000e-04,0.177,0.172,1
B_salted,10000000,83,uniqCombined64,10034364,34364,3.436400e-03,0.185,0.187,1
B_salted,10000000,84,uniqCombined64,9967014,-32986,-3.298600e-03,0.171,0.172,1
B_salted,10000000,85,uniqCombined64,10022559,22559,2.255900e-03,0.182,0.188,1
B_salted,10000000,86,uniqCombined64,9983030,-16970,-1.697000e-03,0.172,0.172,1
B_salted,10000000,87,uniqCombined64,10052243,52243,5.224300e-03,0.196,0.187,1
B_salted,10000000,88,uniqCombined64,10035939,35939,3.593900e-03,0.174,0.188,1
B_salted,10000000,89,uniqCombined64,10032626,32626,3.262600e-03,0.204,0.203,1
B_salted,10000000,90,uniqCombined64,10002014,2014,2.014000e-04,0.19,0.187,1
B_salted,10000000,91,uniqCombined64,10031760,31760,3.176000e-03,0.19,0.188,1
B_salted,10000000,92,uniqCombined64,10009629,9629,9.629000e-04,0.172,0.172,1
B_salted,10000000,93,uniqCombined64,10046358,46358,4.635800e-03,0.179,0.172,1
B_salted,10000000,94,uniqCombined64,10037720,37720,3.772000e-03,0.172,0.171,1
B_salted,10000000,95,uniqCombined64,9949182,-50818,-5.081800e-03,0.172,0.172,1
B_salted,10000000,96,uniqCombined64,9964960,-35040,-3.504000e-03,0.185,0.188,1
B_salted,10000000,97,uniqCombined64,10006376,6376,6.376000e-04,0.173,0.172,1
B_salted,10000000,98,uniqCombined64,9959240,-40760,-4.076000e-03,0.171,0.172,1
B_salted,10000000,99,uniqCombined64,10010833,10833,1.083300e-03,0.172,0.171,1
B_salted,10000000,100,uniqCombined64,10016706,16706,1.670600e-03,0.172,0.172,1
B_salted,100000000,1,uniqCombined64,100216655,216655,2.166550e-03,0.851,0.86,1
B_salted,100000000,2,uniqCombined64,99770251,-229749,-2.297490e-03,0.804,0.797,1
B_salted,100000000,3,uniqCombined64,99616930,-383070,-3.830700e-03,0.774,0.781,1
B_salted,100000000,4,uniqCombined64,100052894,52894,5.289400e-04,0.769,0.765,1
B_salted,100000000,5,uniqCombined64,100235820,235820,2.358200e-03,0.765,0.766,1
B_salted,100000000,6,uniqCombined64,100062912,62912,6.291200e-04,0.828,0.828,1
B_salted,100000000,7,uniqCombined64,100104062,104062,1.040620e-03,0.79,0.797,1
B_salted,100000000,8,uniqCombined64,100158635,158635,1.586350e-03,0.792,0.781,1
B_salted,100000000,9,uniqCombined64,99917419,-82581,-8.258100e-04,0.839,0.844,1
B_salted,100000000,10,uniqCombined64,100069701,69701,6.970100e-04,0.798,0.797,1
B_salted,100000000,11,uniqCombined64,100075339,75339,7.533900e-04,0.78,0.781,1
B_salted,100000000,12,uniqCombined64,100098324,98324,9.832400e-04,0.758,0.75,1
B_salted,100000000,13,uniqCombined64,99813240,-186760,-1.867600e-03,0.776,0.781,1
B_salted,100000000,14,uniqCombined64,100158063,158063,1.580630e-03,0.81,0.813,1
B_salted,100000000,15,uniqCombined64,99442484,-557516,-5.575160e-03,0.798,0.797,1
B_salted,100000000,16,uniqCombined64,100175839,175839,1.758390e-03,0.811,0.812,1
B_salted,100000000,17,uniqCombined64,100089982,89982,8.998200e-04,0.777,0.782,1
B_salted,100000000,18,uniqCombined64,100319246,319246,3.192460e-03,0.785,0.781,1
B_salted,100000000,19,uniqCombined64,99895273,-104727,-1.047270e-03,0.792,0.797,1
B_salted,100000000,20,uniqCombined64,100194146,194146,1.941460e-03,0.862,0.859,1
B_salted,100000000,21,uniqCombined64,99577149,-422851,-4.228510e-03,0.805,0.797,1
B_salted,100000000,22,uniqCombined64,100175948,175948,1.759480e-03,0.799,0.797,1
B_salted,100000000,23,uniqCombined64,100065208,65208,6.520800e-04,0.785,0.797,1
B_salted,100000000,24,uniqCombined64,100208080,208080,2.080800e-03,0.765,0.765,1
B_salted,100000000,25,uniqCombined64,99669851,-330149,-3.301490e-03,0.818,0.813,1
B_salted,100000000,26,uniqCombined64,99713298,-286702,-2.867020e-03,0.775,0.781,1
B_salted,100000000,27,uniqCombined64,99343813,-656187,-6.561870e-03,0.799,0.797,1
B_salted,100000000,28,uniqCombined64,99709642,-290358,-2.903580e-03,0.782,0.781,1
B_salted,100000000,29,uniqCombined64,100100973,100973,1.009730e-03,0.784,0.781,1
B_salted,100000000,30,uniqCombined64,100091236,91236,9.123600e-04,0.809,0.813,1
B_salted,100000000,31,uniqCombined64,100095305,95305,9.530500e-04,0.824,0.828,1
B_salted,100000000,32,uniqCombined64,100070903,70903,7.090300e-04,0.797,0.797,1
B_salted,100000000,33,uniqCombined64,99533442,-466558,-4.665580e-03,0.806,0.797,1
B_salted,100000000,34,uniqCombined64,99967236,-32764,-3.276400e-04,0.824,0.828,1
B_salted,100000000,35,uniqCombined64,99996420,-3580,-3.580000e-05,0.787,0.781,1
B_salted,100000000,36,uniqCombined64,100207837,207837,2.078370e-03,0.832,0.844,1
B_salted,100000000,37,uniqCombined64,100193916,193916,1.939160e-03,0.787,0.781,1
B_salted,100000000,38,uniqCombined64,100427225,427225,4.272250e-03,0.804,0.797,1
B_salted,100000000,39,uniqCombined64,100541986,541986,5.419860e-03,0.803,0.813,1
B_salted,100000000,40,uniqCombined64,100073939,73939,7.393900e-04,0.794,0.796,1
B_salted,100000000,41,uniqCombined64,100265551,265551,2.655510e-03,0.785,0.782,1
B_salted,100000000,42,uniqCombined64,99747115,-252885,-2.528850e-03,0.784,0.781,1
B_salted,100000000,43,uniqCombined64,100339360,339360,3.393600e-03,0.788,0.781,1
B_salted,100000000,44,uniqCombined64,100360661,360661,3.606610e-03,0.82,0.828,1
B_salted,100000000,45,uniqCombined64,99912420,-87580,-8.758000e-04,0.816,0.813,1
B_salted,100000000,46,uniqCombined64,99636166,-363834,-3.638340e-03,0.992,1.0,1
B_salted,100000000,47,uniqCombined64,99857467,-142533,-1.425330e-03,0.935,0.922,1
B_salted,100000000,48,uniqCombined64,99916245,-83755,-8.375500e-04,0.862,0.875,1
B_salted,100000000,49,uniqCombined64,100129656,129656,1.296560e-03,0.951,0.953,1
B_salted,100000000,50,uniqCombined64,100131514,131514,1.315140e-03,1.026,1.015,1
B_salted,100000000,51,uniqCombined64,99929516,-70484,-7.048400e-04,1.035,1.047,1
B_salted,100000000,52,uniqCombined64,99735822,-264178,-2.641780e-03,0.977,0.969,1
B_salted,100000000,53,uniqCombined64,99601993,-398007,-3.980070e-03,0.809,0.813,1
B_salted,100000000,54,uniqCombined64,100017004,17004,1.700400e-04,0.802,0.796,1
B_salted,100000000,55,uniqCombined64,100044370,44370,4.437000e-04,0.832,0.829,1
B_salted,100000000,56,uniqCombined64,100305828,305828,3.058280e-03,1.051,1.062,1
B_salted,100000000,57,uniqCombined64,100157533,157533,1.575330e-03,1.076,1.078,1
B_salted,100000000,58,uniqCombined64,99757734,-242266,-2.422660e-03,1.031,1.031,1
B_salted,100000000,59,uniqCombined64,100330846,330846,3.308460e-03,1.074,1.063,1
B_salted,100000000,60,uniqCombined64,100590618,590618,5.906180e-03,1.034,1.031,1
B_salted,100000000,61,uniqCombined64,99378687,-621313,-6.213130e-03,1.043,1.047,1
B_salted,100000000,62,uniqCombined64,99890057,-109943,-1.099430e-03,1.027,1.031,1
B_salted,100000000,63,uniqCombined64,100306027,306027,3.060270e-03,1.025,1.032,1
B_salted,100000000,64,uniqCombined64,100106712,106712,1.067120e-03,1.073,1.062,1
B_salted,100000000,65,uniqCombined64,99629433,-370567,-3.705670e-03,1.026,1.031,1
B_salted,100000000,66,uniqCombined64,99315012,-684988,-6.849880e-03,1.015,1.016,1
B_salted,100000000,67,uniqCombined64,100228025,228025,2.280250e-03,0.92,0.922,1
B_salted,100000000,68,uniqCombined64,99968847,-31153,-3.115300e-04,0.797,0.797,1
B_salted,100000000,69,uniqCombined64,100178016,178016,1.780160e-03,1.011,1.0,1
B_salted,100000000,70,uniqCombined64,100131886,131886,1.318860e-03,0.797,0.812,1
B_salted,100000000,71,uniqCombined64,99905799,-94201,-9.420100e-04,0.875,0.875,1
B_salted,100000000,72,uniqCombined64,100705515,705515,7.055150e-03,0.865,0.86,1
B_salted,100000000,73,uniqCombined64,100078715,78715,7.871500e-04,0.792,0.796,1
B_salted,100000000,74,uniqCombined64,100292459,292459,2.924590e-03,0.792,0.782,1
B_salted,100000000,75,uniqCombined64,99728817,-271183,-2.711830e-03,0.837,0.843,1
B_salted,100000000,76,uniqCombined64,100273640,273640,2.736400e-03,0.828,0.829,1
B_salted,100000000,77,uniqCombined64,100321619,321619,3.216190e-03,0.809,0.812,1
B_salted,100000000,78,uniqCombined64,99799107,-200893,-2.008930e-03,0.817,0.813,1
B_salted,100000000,79,uniqCombined64,99725997,-274003,-2.740030e-03,0.813,0.812,1
B_salted,100000000,80,uniqCombined64,100047911,47911,4.791100e-04,0.828,0.828,1
B_salted,100000000,81,uniqCombined64,100074497,74497,7.449700e-04,0.891,0.891,1
B_salted,100000000,82,uniqCombined64,100209981,209981,2.099810e-03,0.82,0.812,1
B_salted,100000000,83,uniqCombined64,100676623,676623,6.766230e-03,0.801,0.813,1
B_salted,100000000,84,uniqCombined64,100041509,41509,4.150900e-04,0.818,0.812,1
B_salted,100000000,85,uniqCombined64,99951685,-48315,-4.831500e-04,0.821,0.828,1
B_salted,100000000,86,uniqCombined64,99451949,-548051,-5.480510e-03,0.777,0.766,1
B_salted,100000000,87,uniqCombined64,99914367,-85633,-8.563300e-04,0.841,0.844,1
B_salted,100000000,88,uniqCombined64,99597099,-402901,-4.029010e-03,0.815,0.812,1
B_salted,100000000,89,uniqCombined64,99979669,-20331,-2.033100e-04,0.856,0.86,1
B_salted,100000000,90,uniqCombined64,99906486,-93514,-9.351400e-04,0.819,0.828,1
B_salted,100000000,91,uniqCombined64,100274201,274201,2.742010e-03,0.807,0.797,1
B_salted,100000000,92,uniqCombined64,99992706,-7294,-7.294000e-05,0.799,0.797,1
B_salted,100000000,93,uniqCombined64,99932352,-67648,-6.764800e-04,0.789,0.796,1
B_salted,100000000,94,uniqCombined64,99339821,-660179,-6.601790e-03,0.82,0.813,1
B_salted,100000000,95,uniqCombined64,100255613,255613,2.556130e-03,0.775,0.781,1
B_salted,100000000,96,uniqCombined64,99866718,-133282,-1.332820e-03,0.787,0.781,1
B_salted,100000000,97,uniqCombined64,99962529,-37471,-3.747100e-04,0.753,0.75,1
B_salted,100000000,98,uniqCombined64,99606933,-393067,-3.930670e-03,0.757,0.766,1
B_salted,100000000,99,uniqCombined64,99997362,-2638,-2.638000e-05,0.775,0.781,1
B_salted,100000000,100,uniqCombined64,100251789,251789,2.517890e-03,0.812,0.797,1
B_salted,1000000000,1,uniqCombined64,999811331,-188669,-1.886690e-04,6.936,6.922,1
B_salted,1000000000,2,uniqCombined64,1000378167,378167,3.781670e-04,7.17,7.172,1
B_salted,1000000000,3,uniqCombined64,1000831255,831255,8.312550e-04,8.638,8.64,1
B_salted,1000000000,4,uniqCombined64,996078437,-3921563,-3.921563e-03,9.305,9.313,1
B_salted,1000000000,5,uniqCombined64,1002831384,2831384,2.831384e-03,7.067,7.062,1
B_salted,1000000000,6,uniqCombined64,1004855636,4855636,4.855636e-03,6.919,6.922,1
B_salted,1000000000,7,uniqCombined64,998117145,-1882855,-1.882855e-03,7.129,7.125,1
B_salted,1000000000,8,uniqCombined64,1000259328,259328,2.593280e-04,6.934,6.938,1
B_salted,1000000000,9,uniqCombined64,1003913269,3913269,3.913269e-03,7.045,7.046,1
B_salted,1000000000,10,uniqCombined64,999596155,-403845,-4.038450e-04,7.454,7.454,1
B_salted,1000000000,11,uniqCombined64,1002180545,2180545,2.180545e-03,8.648,8.64,1
B_salted,1000000000,12,uniqCombined64,1001468462,1468462,1.468462e-03,9.31,9.313,1
B_salted,1000000000,13,uniqCombined64,997671707,-2328293,-2.328293e-03,7.031,7.031,1
B_salted,1000000000,14,uniqCombined64,1004039958,4039958,4.039958e-03,6.931,6.937,1
B_salted,1000000000,15,uniqCombined64,999053872,-946128,-9.461280e-04,7.051,7.047,1
B_salted,1000000000,16,uniqCombined64,996990920,-3009080,-3.009080e-03,6.857,6.86,1
B_salted,1000000000,17,uniqCombined64,998429320,-1570680,-1.570680e-03,6.953,6.953,1
B_salted,1000000000,18,uniqCombined64,998773859,-1226141,-1.226141e-03,7.698,7.687,1
B_salted,1000000000,19,uniqCombined64,995512054,-4487946,-4.487946e-03,8.71,8.719,1
B_salted,1000000000,20,uniqCombined64,999723633,-276367,-2.763670e-04,9.035,9.031,1
B_salted,1000000000,21,uniqCombined64,996561697,-3438303,-3.438303e-03,7.326,7.328,1
B_salted,1000000000,22,uniqCombined64,998793232,-1206768,-1.206768e-03,7.163,7.157,1
B_salted,1000000000,23,uniqCombined64,1000863954,863954,8.639540e-04,7.219,7.218,1
B_salted,1000000000,24,uniqCombined64,998258102,-1741898,-1.741898e-03,6.955,6.969,1
B_salted,1000000000,25,uniqCombined64,1000469073,469073,4.690730e-04,7.038,7.031,1
B_salted,1000000000,26,uniqCombined64,997535138,-2464862,-2.464862e-03,7.66,7.657,1
B_salted,1000000000,27,uniqCombined64,999321219,-678781,-6.787810e-04,8.423,8.422,1
B_salted,1000000000,28,uniqCombined64,997347948,-2652052,-2.652052e-03,8.664,8.671,1
B_salted,1000000000,29,uniqCombined64,997855229,-2144771,-2.144771e-03,7.105,7.11,1
B_salted,1000000000,30,uniqCombined64,996447076,-3552924,-3.552924e-03,6.801,6.797,1
B_salted,10000000000,1,uniqCombined64,10004971354,4971354,4.971354e-04,73.281,73.281,1
B_salted,10000000000,2,uniqCombined64,10030966546,30966546,3.096655e-03,73.141,73.141,1
B_salted,10000000000,3,uniqCombined64,10089037363,89037363,8.903736e-03,75.806,75.812,1
B_salted,10000000000,4,uniqCombined64,10015331254,15331254,1.533125e-03,73.125,73.125,1
B_salted,10000000000,5,uniqCombined64,9966880807,-33119193,-3.311919e-03,72.589,72.578,1
B_salted,10000000000,6,uniqCombined64,9977656070,-22343930,-2.234393e-03,72.639,72.641,1
B_salted,10000000000,7,uniqCombined64,10047516463,47516463,4.751646e-03,74.247,74.25,1
B_salted,10000000000,8,uniqCombined64,10005605318,5605318,5.605318e-04,76.252,76.25,1
B_salted,10000000000,9,uniqCombined64,9981016729,-18983271,-1.898327e-03,72.409,72.406,1
B_salted,10000000000,10,uniqCombined64,9983173759,-16826241,-1.682624e-03,71.612,71.609,1
B_salted,100000000000,1,uniqCombined64,99941704910,-58295090,-5.829509e-04,729.315,730.625,1
B_salted,100000000000,2,uniqCombined64,100241245936,241245936,2.412459e-03,735.971,735.985,1
B_salted,100000000000,3,uniqCombined64,99962654137,-37345863,-3.734586e-04,734.636,734.625,1
B_salted,100000000000,4,uniqCombined64,100319598893,319598893,3.195989e-03,733.837,733.844,1
B_salted,100000000000,5,uniqCombined64,99777433102,-222566898,-2.225669e-03,738.972,738.968,1
